Workbook

Sheet System_configuration
C1: =IF(E5=1, "Tragen Sie die Produktbezeichnungen Ihrer Module in die Spalte „Produkt“ ein um eine Auswertung zu erhalten. Die verfügbaren Produkte und deren technischen Angaben stehen in der Tabelle 'Data_source' und können dort erweitert werden.", "Enter the product names of your modules in the column “Product” in order to obtain an evaluation. The available products and their specifications are in the table 'Data_source' and can be extended there.") -> Enter the product names of your modules in the column “Product” in order to obtain an evaluation. The available products and their specifications are in the table 'Data_source' and can be extended there.
C2: =IF(E5=1, "Sollten sich technische Daten der Produkte ändern, können diese in der Tabelle 'Data_source' angepasst werden. !!!! Die Konfiguration muss immer noch einmal durch den Bediener auf Richtigkeit geprüft werden !!!!", "Should specifications of the products change, they can be adjusted in the table 'Data_source'. !!!! The configuration must be always checked for correctness by the operator !!!!") -> Should specifications of the products change, they can be adjusted in the table 'Data_source'. !!!! The configuration must be always checked for correctness by the operator !!!!
F4: Deutsch | J4: -T- | K4: =IF(E5=1, "Busbeginn mit Potenzialeinspeisung", "Bus start with potential supply") -> Bus start with potential supply
A5: Sprache / Language: | E5: 2 | F5: English | J5: T | K5: =IF(E5=1, "Potenzialeinspeisung", "Potential supply") -> Potential supply
E6: =IF(E5=1, "Farbe blau: Eingaben veränderbar", "Color blue: Inputs changeable") -> Color blue: Inputs changeable | J6: | | K6: =IF(E5=1, "Potenzialweiterleitung", "Potential forwarding") -> Potential forwarding
A7: =IF(E5=1, "Projekt:", "Project:") -> Project: | C7: Demo-Rack mobile IoT V1.0 | E7: =IF(E5=1, "Farbe grau: Reststrom oder Gesamtbreite", "Color gray: Residual current or overall width") -> Color gray: Residual current or overall width | K7: =IF(E5=1, "Potenzialtrennung", "Potential separation") -> Potential separation
E8: =IF(E5=1, "Farbe rot: Fehler in der Konfiguration", "Color red: Configuration error") -> Color red: Configuration error | J8: === | K8: =IF(E5=1, "Potenzialtrennung und Klemmen mit Potenzialweiterleitung dürfen nachfolgend nicht verwendet werden!", "Potential separation and terminals with potential forwarding may not be used below!") -> Potential separation and terminals with potential forwarding may not be used below!
J9: --- | K9: =IF(E6=1, "Busabschluss", "Bus termination") -> Bus termination
A10: Nr | B10: =IF(E5=1, "Produkt", "Product") -> Product | C10: =IF(E5=1, "Produkt Beschreibung", "Product Description") -> Product Description | D10: =IF(E5=1, "E-Bus Strom (mA)", "E-Bus current (mA)") -> E-Bus current (mA) | E10: =IF(E5=1, "E-Bus Reststrom (mA)", "E-Bus residual current (mA)") -> E-Bus residual current (mA) | F10: =IF(E5=1, "K-Bus Strom (mA)", "K-Bus current (mA)") -> K-Bus current (mA) | G10: =IF(E5=1, "K-Bus Reststrom (mA)", "K-Bus residual current (mA)") -> K-Bus residual current (mA) | H10: =IF(E5=1, "Produkt Breite (mm)", "Product width (mm)") -> Product width (mm) | I10: =IF(E5=1, "Gesamtbreite (mm)", "Overall width (mm)") -> Overall width (mm) | J10: =IF(System_configuration!E5=1, "Power Kontakt","Power contact") -> Power contact | M10: =IF(E5=1, "Kommentar", "Comment") -> Comment
J11: + | K11: - | L11: PE
A12: 1 | B12: EK1100 | C12: =IF($E$5=1,IF(ISBLANK(B12)=FALSE,VLOOKUP(B12,Data_source!A:J,4,FALSE),""),IF(ISBLANK(B12)=FALSE,VLOOKUP(B12,Data_source!A:J,5,FALSE),"")) -> EtherCAT Coupler for E-bus terminals (ELxxxx) | D12: =IF(ISBLANK(B12)=FALSE,IF(VLOOKUP(B12,Data_source!A:J,2,FALSE)="---","",VLOOKUP(B12,Data_source!A:J,2,FALSE)),"") -> 2000 | E12: =D12 -> 2000 | F12: =IF(ISBLANK(B12)=FALSE,IF(VLOOKUP(B12,Data_source!A:J,3,FALSE)="---","",VLOOKUP(B12,Data_source!A:J,3,FALSE)),"") | G12: =F12 | H12: =IF(ISBLANK(B12)=FALSE,IF(VLOOKUP(B12,Data_source!A:J,6,FALSE)="---","",VLOOKUP(B12,Data_source!A:J,6,FALSE)),"") -> 44 | I12: =H12 -> 44 | J12: =IF(ISBLANK(B12)=FALSE,IF(VLOOKUP(B12,Data_source!A:J,7,FALSE)=0,"",VLOOKUP(B12,Data_source!A:J,7,FALSE)),"") -> -T- | K12: =IF(ISBLANK(B12)=FALSE,IF(VLOOKUP(B12,Data_source!A:J,8,FALSE)=0,"",VLOOKUP(B12,Data_source!A:J,8,FALSE)),"") -> -T- | L12: =IF(ISBLANK(B12)=FALSE,IF(VLOOKUP(B12,Data_source!A:J,9,FALSE)=0,"",VLOOKUP(B12,Data_source!A:J,9,FALSE)),"") -> -T-
A13: 2 | B13: EL1859 | C13: =IF($E$5=1,IF(ISBLANK(B13)=FALSE,VLOOKUP(B13,Data_source!A:J,4,FALSE),""),IF(ISBLANK(B13)=FALSE,VLOOKUP(B13,Data_source!A:J,5,FALSE),"")) -> 8-channel digital input terminal 24 V DC, filter 3.0 ms, type 3, + 8-channel digital output terminal 24 V DC, 0.5 A, 1-wire system | D13: =IF(ISBLANK(B13)=FALSE,IF(VLOOKUP(B13,Data_source!A:J,2,FALSE)="---","",VLOOKUP(B13,Data_source!A:J,2,FALSE)),"") -> -130 | E13: =IF(F13<>"",D13,IF(D13>0,D13,IF(E12="",D13,E12+D13))) -> 1870 | F13: =IF(ISBLANK(B13)=FALSE,IF(VLOOKUP(B13,Data_source!A:J,3,FALSE)="---","",VLOOKUP(B13,Data_source!A:J,3,FALSE)),"") | G13: =IF(F13>0, F13, IF(F13="", "", IF(G12="", F13, G12+F13))) | H13: =IF(ISBLANK(B13)=FALSE,IF(VLOOKUP(B13,Data_source!A:J,6,FALSE)="---","",VLOOKUP(B13,Data_source!A:J,6,FALSE)),"") -> 12 | I13: =IF(H13="","",IF(H12="",H13,H13+I12)) -> 56 | J13: =IF(ISBLANK(B13)=FALSE,IF(VLOOKUP(B13,Data_source!A:J,7,FALSE)=0,"",VLOOKUP(B13,Data_source!A:J,7,FALSE)),"") -> | | K13: =IF(ISBLANK(B13)=FALSE,IF(VLOOKUP(B13,Data_source!A:J,8,FALSE)=0,"",VLOOKUP(B13,Data_source!A:J,8,FALSE)),"") -> | | L13: =IF(ISBLANK(B13)=FALSE,IF(VLOOKUP(B13,Data_source!A:J,9,FALSE)=0,"",VLOOKUP(B13,Data_source!A:J,9,FALSE)),"")
A14: 3 | B14: EL1859 | C14: =IF($E$5=1,IF(ISBLANK(B14)=FALSE,VLOOKUP(B14,Data_source!A:J,4,FALSE),""),IF(ISBLANK(B14)=FALSE,VLOOKUP(B14,Data_source!A:J,5,FALSE),"")) -> 8-channel digital input terminal 24 V DC, filter 3.0 ms, type 3, + 8-channel digital output terminal 24 V DC, 0.5 A, 1-wire system | D14: =IF(ISBLANK(B14)=FALSE,IF(VLOOKUP(B14,Data_source!A:J,2,FALSE)="---","",VLOOKUP(B14,Data_source!A:J,2,FALSE)),"") -> -130 | E14: =IF(F14<>"",D14,IF(D14>0,D14,IF(E13="",D14,E13+D14))) -> 1740 | F14: =IF(ISBLANK(B14)=FALSE,IF(VLOOKUP(B14,Data_source!A:J,3,FALSE)="---","",VLOOKUP(B14,Data_source!A:J,3,FALSE)),"") | G14: =IF(F14>0, F14, IF(F14="", "", IF(G13="", F14, G13+F14))) | H14: =IF(ISBLANK(B14)=FALSE,IF(VLOOKUP(B14,Data_source!A:J,6,FALSE)="---","",VLOOKUP(B14,Data_source!A:J,6,FALSE)),"") -> 12 | I14: =IF(H14="","",IF(H13="",H14,H14+I13)) -> 68 | J14: =IF(ISBLANK(B14)=FALSE,IF(VLOOKUP(B14,Data_source!A:J,7,FALSE)=0,"",VLOOKUP(B14,Data_source!A:J,7,FALSE)),"") -> | | K14: =IF(ISBLANK(B14)=FALSE,IF(VLOOKUP(B14,Data_source!A:J,8,FALSE)=0,"",VLOOKUP(B14,Data_source!A:J,8,FALSE)),"") -> | | L14: =IF(ISBLANK(B14)=FALSE,IF(VLOOKUP(B14,Data_source!A:J,9,FALSE)=0,"",VLOOKUP(B14,Data_source!A:J,9,FALSE)),"")
A15: 4 | B15: EL1004 | C15: =IF($E$5=1,IF(ISBLANK(B15)=FALSE,VLOOKUP(B15,Data_source!A:J,4,FALSE),""),IF(ISBLANK(B15)=FALSE,VLOOKUP(B15,Data_source!A:J,5,FALSE),"")) -> 4-channel digital input terminal 24 V DC, filter 3.0 ms, 2-wire system | D15: =IF(ISBLANK(B15)=FALSE,IF(VLOOKUP(B15,Data_source!A:J,2,FALSE)="---","",VLOOKUP(B15,Data_source!A:J,2,FALSE)),"") -> -90 | E15: =IF(F15<>"",D15,IF(D15>0,D15,IF(E14="",D15,E14+D15))) -> 1650 | F15: =IF(ISBLANK(B15)=FALSE,IF(VLOOKUP(B15,Data_source!A:J,3,FALSE)="---","",VLOOKUP(B15,Data_source!A:J,3,FALSE)),"") | G15: =IF(F15>0, F15, IF(F15="", "", IF(G14="", F15, G14+F15))) | H15: =IF(ISBLANK(B15)=FALSE,IF(VLOOKUP(B15,Data_source!A:J,6,FALSE)="---","",VLOOKUP(B15,Data_source!A:J,6,FALSE)),"") -> 12 | I15: =IF(H15="","",IF(H14="",H15,H15+I14)) -> 80 | J15: =IF(ISBLANK(B15)=FALSE,IF(VLOOKUP(B15,Data_source!A:J,7,FALSE)=0,"",VLOOKUP(B15,Data_source!A:J,7,FALSE)),"") -> | | K15: =IF(ISBLANK(B15)=FALSE,IF(VLOOKUP(B15,Data_source!A:J,8,FALSE)=0,"",VLOOKUP(B15,Data_source!A:J,8,FALSE)),"") -> | | L15: =IF(ISBLANK(B15)=FALSE,IF(VLOOKUP(B15,Data_source!A:J,9,FALSE)=0,"",VLOOKUP(B15,Data_source!A:J,9,FALSE)),"")
A16: 5 | B16: EL2034 | C16: =IF($E$5=1,IF(ISBLANK(B16)=FALSE,VLOOKUP(B16,Data_source!A:J,4,FALSE),""),IF(ISBLANK(B16)=FALSE,VLOOKUP(B16,Data_source!A:J,5,FALSE),"")) -> 4-channel digital output terminal 24 V DC, 2 A, with diagnostics, 2-wire system | D16: =IF(ISBLANK(B16)=FALSE,IF(VLOOKUP(B16,Data_source!A:J,2,FALSE)="---","",VLOOKUP(B16,Data_source!A:J,2,FALSE)),"") -> -120 | E16: =IF(F16<>"",D16,IF(D16>0,D16,IF(E15="",D16,E15+D16))) -> 1530 | F16: =IF(ISBLANK(B16)=FALSE,IF(VLOOKUP(B16,Data_source!A:J,3,FALSE)="---","",VLOOKUP(B16,Data_source!A:J,3,FALSE)),"") | G16: =IF(F16>0, F16, IF(F16="", "", IF(G15="", F16, G15+F16))) | H16: =IF(ISBLANK(B16)=FALSE,IF(VLOOKUP(B16,Data_source!A:J,6,FALSE)="---","",VLOOKUP(B16,Data_source!A:J,6,FALSE)),"") -> 12 | I16: =IF(H16="","",IF(H15="",H16,H16+I15)) -> 92 | J16: =IF(ISBLANK(B16)=FALSE,IF(VLOOKUP(B16,Data_source!A:J,7,FALSE)=0,"",VLOOKUP(B16,Data_source!A:J,7,FALSE)),"") -> | | K16: =IF(ISBLANK(B16)=FALSE,IF(VLOOKUP(B16,Data_source!A:J,8,FALSE)=0,"",VLOOKUP(B16,Data_source!A:J,8,FALSE)),"") -> | | L16: =IF(ISBLANK(B16)=FALSE,IF(VLOOKUP(B16,Data_source!A:J,9,FALSE)=0,"",VLOOKUP(B16,Data_source!A:J,9,FALSE)),"")
A17: 6 | B17: EL3255 | C17: =IF($E$5=1,IF(ISBLANK(B17)=FALSE,VLOOKUP(B17,Data_source!A:J,4,FALSE),""),IF(ISBLANK(B17)=FALSE,VLOOKUP(B17,Data_source!A:J,5,FALSE),"")) -> 5-channel analog input terminal, potentiometer measurement with 10 V sensor supply, 3-wire system | D17: =IF(ISBLANK(B17)=FALSE,IF(VLOOKUP(B17,Data_source!A:J,2,FALSE)="---","",VLOOKUP(B17,Data_source!A:J,2,FALSE)),"") -> -80 | E17: =IF(F17<>"",D17,IF(D17>0,D17,IF(E16="",D17,E16+D17))) -> 1450 | F17: =IF(ISBLANK(B17)=FALSE,IF(VLOOKUP(B17,Data_source!A:J,3,FALSE)="---","",VLOOKUP(B17,Data_source!A:J,3,FALSE)),"") | G17: =IF(F17>0, F17, IF(F17="", "", IF(G16="", F17, G16+F17))) | H17: =IF(ISBLANK(B17)=FALSE,IF(VLOOKUP(B17,Data_source!A:J,6,FALSE)="---","",VLOOKUP(B17,Data_source!A:J,6,FALSE)),"") -> 12 | I17: =IF(H17="","",IF(H16="",H17,H17+I16)) -> 104 | J17: =IF(ISBLANK(B17)=FALSE,IF(VLOOKUP(B17,Data_source!A:J,7,FALSE)=0,"",VLOOKUP(B17,Data_source!A:J,7,FALSE)),"") -> | | K17: =IF(ISBLANK(B17)=FALSE,IF(VLOOKUP(B17,Data_source!A:J,8,FALSE)=0,"",VLOOKUP(B17,Data_source!A:J,8,FALSE)),"") -> | | L17: =IF(ISBLANK(B17)=FALSE,IF(VLOOKUP(B17,Data_source!A:J,9,FALSE)=0,"",VLOOKUP(B17,Data_source!A:J,9,FALSE)),"")
A18: 7 | B18: EL5151 | C18: =IF($E$5=1,IF(ISBLANK(B18)=FALSE,VLOOKUP(B18,Data_source!A:J,4,FALSE),""),IF(ISBLANK(B18)=FALSE,VLOOKUP(B18,Data_source!A:J,5,FALSE),"")) -> 1-channel incremental encoder interface, 32 bit | D18: =IF(ISBLANK(B18)=FALSE,IF(VLOOKUP(B18,Data_source!A:J,2,FALSE)="---","",VLOOKUP(B18,Data_source!A:J,2,FALSE)),"") -> -130 | E18: =IF(F18<>"",D18,IF(D18>0,D18,IF(E17="",D18,E17+D18))) -> 1320 | F18: =IF(ISBLANK(B18)=FALSE,IF(VLOOKUP(B18,Data_source!A:J,3,FALSE)="---","",VLOOKUP(B18,Data_source!A:J,3,FALSE)),"") | G18: =IF(F18>0, F18, IF(F18="", "", IF(G17="", F18, G17+F18))) | H18: =IF(ISBLANK(B18)=FALSE,IF(VLOOKUP(B18,Data_source!A:J,6,FALSE)="---","",VLOOKUP(B18,Data_source!A:J,6,FALSE)),"") -> 12 | I18: =IF(H18="","",IF(H17="",H18,H18+I17)) -> 116 | J18: =IF(ISBLANK(B18)=FALSE,IF(VLOOKUP(B18,Data_source!A:J,7,FALSE)=0,"",VLOOKUP(B18,Data_source!A:J,7,FALSE)),"") -> | | K18: =IF(ISBLANK(B18)=FALSE,IF(VLOOKUP(B18,Data_source!A:J,8,FALSE)=0,"",VLOOKUP(B18,Data_source!A:J,8,FALSE)),"") -> | | L18: =IF(ISBLANK(B18)=FALSE,IF(VLOOKUP(B18,Data_source!A:J,9,FALSE)=0,"",VLOOKUP(B18,Data_source!A:J,9,FALSE)),"")
A19: 8 | B19: EL3318 | C19: =IF($E$5=1,IF(ISBLANK(B19)=FALSE,VLOOKUP(B19,Data_source!A:J,4,FALSE),""),IF(ISBLANK(B19)=FALSE,VLOOKUP(B19,Data_source!A:J,5,FALSE),"")) -> 8-channel thermocouple input terminal, preset to type K, with wire breakage detection, 16 bit | D19: =IF(ISBLANK(B19)=FALSE,IF(VLOOKUP(B19,Data_source!A:J,2,FALSE)="---","",VLOOKUP(B19,Data_source!A:J,2,FALSE)),"") -> -210 | E19: =IF(F19<>"",D19,IF(D19>0,D19,IF(E18="",D19,E18+D19))) -> 1110 | F19: =IF(ISBLANK(B19)=FALSE,IF(VLOOKUP(B19,Data_source!A:J,3,FALSE)="---","",VLOOKUP(B19,Data_source!A:J,3,FALSE)),"") | G19: =IF(F19>0, F19, IF(F19="", "", IF(G18="", F19, G18+F19))) | H19: =IF(ISBLANK(B19)=FALSE,IF(VLOOKUP(B19,Data_source!A:J,6,FALSE)="---","",VLOOKUP(B19,Data_source!A:J,6,FALSE)),"") -> 12 | I19: =IF(H19="","",IF(H18="",H19,H19+I18)) -> 128 | J19: =IF(ISBLANK(B19)=FALSE,IF(VLOOKUP(B19,Data_source!A:J,7,FALSE)=0,"",VLOOKUP(B19,Data_source!A:J,7,FALSE)),"") -> | | K19: =IF(ISBLANK(B19)=FALSE,IF(VLOOKUP(B19,Data_source!A:J,8,FALSE)=0,"",VLOOKUP(B19,Data_source!A:J,8,FALSE)),"") -> | | L19: =IF(ISBLANK(B19)=FALSE,IF(VLOOKUP(B19,Data_source!A:J,9,FALSE)=0,"",VLOOKUP(B19,Data_source!A:J,9,FALSE)),"")
A20: 9 | B20: EL7332 | C20: =IF($E$5=1,IF(ISBLANK(B20)=FALSE,VLOOKUP(B20,Data_source!A:J,4,FALSE),""),IF(ISBLANK(B20)=FALSE,VLOOKUP(B20,Data_source!A:J,5,FALSE),"")) -> 2-channel DC motor output stage 24 V DC, 1 A | D20: =IF(ISBLANK(B20)=FALSE,IF(VLOOKUP(B20,Data_source!A:J,2,FALSE)="---","",VLOOKUP(B20,Data_source!A:J,2,FALSE)),"") -> -140 | E20: =IF(F20<>"",D20,IF(D20>0,D20,IF(E19="",D20,E19+D20))) -> 970 | F20: =IF(ISBLANK(B20)=FALSE,IF(VLOOKUP(B20,Data_source!A:J,3,FALSE)="---","",VLOOKUP(B20,Data_source!A:J,3,FALSE)),"") | G20: =IF(F20>0, F20, IF(F20="", "", IF(G19="", F20, G19+F20))) | H20: =IF(ISBLANK(B20)=FALSE,IF(VLOOKUP(B20,Data_source!A:J,6,FALSE)="---","",VLOOKUP(B20,Data_source!A:J,6,FALSE)),"") -> 12 | I20: =IF(H20="","",IF(H19="",H20,H20+I19)) -> 140 | J20: =IF(ISBLANK(B20)=FALSE,IF(VLOOKUP(B20,Data_source!A:J,7,FALSE)=0,"",VLOOKUP(B20,Data_source!A:J,7,FALSE)),"") -> | | K20: =IF(ISBLANK(B20)=FALSE,IF(VLOOKUP(B20,Data_source!A:J,8,FALSE)=0,"",VLOOKUP(B20,Data_source!A:J,8,FALSE)),"") -> | | L20: =IF(ISBLANK(B20)=FALSE,IF(VLOOKUP(B20,Data_source!A:J,9,FALSE)=0,"",VLOOKUP(B20,Data_source!A:J,9,FALSE)),"")
A21: 10 | B21: EL3443 | C21: =IF($E$5=1,IF(ISBLANK(B21)=FALSE,VLOOKUP(B21,Data_source!A:J,4,FALSE),""),IF(ISBLANK(B21)=FALSE,VLOOKUP(B21,Data_source!A:J,5,FALSE),"")) -> 3-phase power measurement terminal, max. 500 V AC 3~, max. 1 A, via measuring transformers x A/1A | D21: =IF(ISBLANK(B21)=FALSE,IF(VLOOKUP(B21,Data_source!A:J,2,FALSE)="---","",VLOOKUP(B21,Data_source!A:J,2,FALSE)),"") -> -120 | E21: =IF(F21<>"",D21,IF(D21>0,D21,IF(E20="",D21,E20+D21))) -> 850 | F21: =IF(ISBLANK(B21)=FALSE,IF(VLOOKUP(B21,Data_source!A:J,3,FALSE)="---","",VLOOKUP(B21,Data_source!A:J,3,FALSE)),"") | G21: =IF(F21>0, F21, IF(F21="", "", IF(G20="", F21, G20+F21))) | H21: =IF(ISBLANK(B21)=FALSE,IF(VLOOKUP(B21,Data_source!A:J,6,FALSE)="---","",VLOOKUP(B21,Data_source!A:J,6,FALSE)),"") -> 12 | I21: =IF(H21="","",IF(H20="",H21,H21+I20)) -> 152 | J21: =IF(ISBLANK(B21)=FALSE,IF(VLOOKUP(B21,Data_source!A:J,7,FALSE)=0,"",VLOOKUP(B21,Data_source!A:J,7,FALSE)),"") | K21: =IF(ISBLANK(B21)=FALSE,IF(VLOOKUP(B21,Data_source!A:J,8,FALSE)=0,"",VLOOKUP(B21,Data_source!A:J,8,FALSE)),"") | L21: =IF(ISBLANK(B21)=FALSE,IF(VLOOKUP(B21,Data_source!A:J,9,FALSE)=0,"",VLOOKUP(B21,Data_source!A:J,9,FALSE)),"")
A22: 11 | B22: EL9011 | C22: =IF($E$5=1,IF(ISBLANK(B22)=FALSE,VLOOKUP(B22,Data_source!A:J,4,FALSE),""),IF(ISBLANK(B22)=FALSE,VLOOKUP(B22,Data_source!A:J,5,FALSE),"")) -> Bus end cap | D22: =IF(ISBLANK(B22)=FALSE,IF(VLOOKUP(B22,Data_source!A:J,2,FALSE)="---","",VLOOKUP(B22,Data_source!A:J,2,FALSE)),"") | E22: =IF(F22<>"",D22,IF(D22>0,D22,IF(E21="",D22,E21+D22))) | F22: =IF(ISBLANK(B22)=FALSE,IF(VLOOKUP(B22,Data_source!A:J,3,FALSE)="---","",VLOOKUP(B22,Data_source!A:J,3,FALSE)),"") | G22: =IF(F22>0, F22, IF(F22="", "", IF(G21="", F22, G21+F22))) | H22: =IF(ISBLANK(B22)=FALSE,IF(VLOOKUP(B22,Data_source!A:J,6,FALSE)="---","",VLOOKUP(B22,Data_source!A:J,6,FALSE)),"") -> 5 | I22: =IF(H22="","",IF(H21="",H22,H22+I21)) -> 157 | J22: =IF(ISBLANK(B22)=FALSE,IF(VLOOKUP(B22,Data_source!A:J,7,FALSE)=0,"",VLOOKUP(B22,Data_source!A:J,7,FALSE)),"") -> --- | K22: =IF(ISBLANK(B22)=FALSE,IF(VLOOKUP(B22,Data_source!A:J,8,FALSE)=0,"",VLOOKUP(B22,Data_source!A:J,8,FALSE)),"") -> --- | L22: =IF(ISBLANK(B22)=FALSE,IF(VLOOKUP(B22,Data_source!A:J,9,FALSE)=0,"",VLOOKUP(B22,Data_source!A:J,9,FALSE)),"") -> ---
A23: 12 | C23: =IF($E$5=1,IF(ISBLANK(B23)=FALSE,VLOOKUP(B23,Data_source!A:J,4,FALSE),""),IF(ISBLANK(B23)=FALSE,VLOOKUP(B23,Data_source!A:J,5,FALSE),"")) | D23: =IF(ISBLANK(B23)=FALSE,IF(VLOOKUP(B23,Data_source!A:J,2,FALSE)="---","",VLOOKUP(B23,Data_source!A:J,2,FALSE)),"") | E23: =IF(F23<>"",D23,IF(D23>0,D23,IF(E22="",D23,E22+D23))) | F23: =IF(ISBLANK(B23)=FALSE,IF(VLOOKUP(B23,Data_source!A:J,3,FALSE)="---","",VLOOKUP(B23,Data_source!A:J,3,FALSE)),"") | G23: =IF(F23>0, F23, IF(F23="", "", IF(G22="", F23, G22+F23))) | H23: =IF(ISBLANK(B23)=FALSE,IF(VLOOKUP(B23,Data_source!A:J,6,FALSE)="---","",VLOOKUP(B23,Data_source!A:J,6,FALSE)),"") | I23: =IF(H23="","",IF(H22="",H23,H23+I22)) | J23: =IF(ISBLANK(B23)=FALSE,IF(VLOOKUP(B23,Data_source!A:J,7,FALSE)=0,"",VLOOKUP(B23,Data_source!A:J,7,FALSE)),"") | K23: =IF(ISBLANK(B23)=FALSE,IF(VLOOKUP(B23,Data_source!A:J,8,FALSE)=0,"",VLOOKUP(B23,Data_source!A:J,8,FALSE)),"") | L23: =IF(ISBLANK(B23)=FALSE,IF(VLOOKUP(B23,Data_source!A:J,9,FALSE)=0,"",VLOOKUP(B23,Data_source!A:J,9,FALSE)),"")
A24: 13 | C24: =IF($E$5=1,IF(ISBLANK(B24)=FALSE,VLOOKUP(B24,Data_source!A:J,4,FALSE),""),IF(ISBLANK(B24)=FALSE,VLOOKUP(B24,Data_source!A:J,5,FALSE),"")) | D24: =IF(ISBLANK(B24)=FALSE,IF(VLOOKUP(B24,Data_source!A:J,2,FALSE)="---","",VLOOKUP(B24,Data_source!A:J,2,FALSE)),"") | E24: =IF(F24<>"",D24,IF(D24>0,D24,IF(E23="",D24,E23+D24))) | F24: =IF(ISBLANK(B24)=FALSE,IF(VLOOKUP(B24,Data_source!A:J,3,FALSE)="---","",VLOOKUP(B24,Data_source!A:J,3,FALSE)),"") | G24: =IF(F24>0, F24, IF(F24="", "", IF(G23="", F24, G23+F24))) | H24: =IF(ISBLANK(B24)=FALSE,IF(VLOOKUP(B24,Data_source!A:J,6,FALSE)="---","",VLOOKUP(B24,Data_source!A:J,6,FALSE)),"") | I24: =IF(H24="","",IF(H23="",H24,H24+I23)) | J24: =IF(ISBLANK(B24)=FALSE,IF(VLOOKUP(B24,Data_source!A:J,7,FALSE)=0,"",VLOOKUP(B24,Data_source!A:J,7,FALSE)),"") | K24: =IF(ISBLANK(B24)=FALSE,IF(VLOOKUP(B24,Data_source!A:J,8,FALSE)=0,"",VLOOKUP(B24,Data_source!A:J,8,FALSE)),"") | L24: =IF(ISBLANK(B24)=FALSE,IF(VLOOKUP(B24,Data_source!A:J,9,FALSE)=0,"",VLOOKUP(B24,Data_source!A:J,9,FALSE)),"")
A25: 14 | C25: =IF($E$5=1,IF(ISBLANK(B25)=FALSE,VLOOKUP(B25,Data_source!A:J,4,FALSE),""),IF(ISBLANK(B25)=FALSE,VLOOKUP(B25,Data_source!A:J,5,FALSE),"")) | D25: =IF(ISBLANK(B25)=FALSE,IF(VLOOKUP(B25,Data_source!A:J,2,FALSE)="---","",VLOOKUP(B25,Data_source!A:J,2,FALSE)),"") | E25: =IF(F25<>"",D25,IF(D25>0,D25,IF(E24="",D25,E24+D25))) | F25: =IF(ISBLANK(B25)=FALSE,IF(VLOOKUP(B25,Data_source!A:J,3,FALSE)="---","",VLOOKUP(B25,Data_source!A:J,3,FALSE)),"") | G25: =IF(F25>0, F25, IF(F25="", "", IF(G24="", F25, G24+F25))) | H25: =IF(ISBLANK(B25)=FALSE,IF(VLOOKUP(B25,Data_source!A:J,6,FALSE)="---","",VLOOKUP(B25,Data_source!A:J,6,FALSE)),"") | I25: =IF(H25="","",IF(H24="",H25,H25+I24)) | J25: =IF(ISBLANK(B25)=FALSE,IF(VLOOKUP(B25,Data_source!A:J,7,FALSE)=0,"",VLOOKUP(B25,Data_source!A:J,7,FALSE)),"") | K25: =IF(ISBLANK(B25)=FALSE,IF(VLOOKUP(B25,Data_source!A:J,8,FALSE)=0,"",VLOOKUP(B25,Data_source!A:J,8,FALSE)),"") | L25: =IF(ISBLANK(B25)=FALSE,IF(VLOOKUP(B25,Data_source!A:J,9,FALSE)=0,"",VLOOKUP(B25,Data_source!A:J,9,FALSE)),"")
A26: 15 | C26: =IF($E$5=1,IF(ISBLANK(B26)=FALSE,VLOOKUP(B26,Data_source!A:J,4,FALSE),""),IF(ISBLANK(B26)=FALSE,VLOOKUP(B26,Data_source!A:J,5,FALSE),"")) | D26: =IF(ISBLANK(B26)=FALSE,IF(VLOOKUP(B26,Data_source!A:J,2,FALSE)="---","",VLOOKUP(B26,Data_source!A:J,2,FALSE)),"") | E26: =IF(F26<>"",D26,IF(D26>0,D26,IF(E25="",D26,E25+D26))) | F26: =IF(ISBLANK(B26)=FALSE,IF(VLOOKUP(B26,Data_source!A:J,3,FALSE)="---","",VLOOKUP(B26,Data_source!A:J,3,FALSE)),"") | G26: =IF(F26>0, F26, IF(F26="", "", IF(G25="", F26, G25+F26))) | H26: =IF(ISBLANK(B26)=FALSE,IF(VLOOKUP(B26,Data_source!A:J,6,FALSE)="---","",VLOOKUP(B26,Data_source!A:J,6,FALSE)),"") | I26: =IF(H26="","",IF(H25="",H26,H26+I25)) | J26: =IF(ISBLANK(B26)=FALSE,IF(VLOOKUP(B26,Data_source!A:J,7,FALSE)=0,"",VLOOKUP(B26,Data_source!A:J,7,FALSE)),"") | K26: =IF(ISBLANK(B26)=FALSE,IF(VLOOKUP(B26,Data_source!A:J,8,FALSE)=0,"",VLOOKUP(B26,Data_source!A:J,8,FALSE)),"") | L26: =IF(ISBLANK(B26)=FALSE,IF(VLOOKUP(B26,Data_source!A:J,9,FALSE)=0,"",VLOOKUP(B26,Data_source!A:J,9,FALSE)),"")
A27: 16 | C27: =IF($E$5=1,IF(ISBLANK(B27)=FALSE,VLOOKUP(B27,Data_source!A:J,4,FALSE),""),IF(ISBLANK(B27)=FALSE,VLOOKUP(B27,Data_source!A:J,5,FALSE),"")) | D27: =IF(ISBLANK(B27)=FALSE,IF(VLOOKUP(B27,Data_source!A:J,2,FALSE)="---","",VLOOKUP(B27,Data_source!A:J,2,FALSE)),"") | E27: =IF(F27<>"",D27,IF(D27>0,D27,IF(E26="",D27,E26+D27))) | F27: =IF(ISBLANK(B27)=FALSE,IF(VLOOKUP(B27,Data_source!A:J,3,FALSE)="---","",VLOOKUP(B27,Data_source!A:J,3,FALSE)),"") | G27: =IF(F27>0, F27, IF(F27="", "", IF(G26="", F27, G26+F27))) | H27: =IF(ISBLANK(B27)=FALSE,IF(VLOOKUP(B27,Data_source!A:J,6,FALSE)="---","",VLOOKUP(B27,Data_source!A:J,6,FALSE)),"") | I27: =IF(H27="","",IF(H26="",H27,H27+I26)) | J27: =IF(ISBLANK(B27)=FALSE,IF(VLOOKUP(B27,Data_source!A:J,7,FALSE)=0,"",VLOOKUP(B27,Data_source!A:J,7,FALSE)),"") | K27: =IF(ISBLANK(B27)=FALSE,IF(VLOOKUP(B27,Data_source!A:J,8,FALSE)=0,"",VLOOKUP(B27,Data_source!A:J,8,FALSE)),"") | L27: =IF(ISBLANK(B27)=FALSE,IF(VLOOKUP(B27,Data_source!A:J,9,FALSE)=0,"",VLOOKUP(B27,Data_source!A:J,9,FALSE)),"")
A28: 17 | C28: =IF($E$5=1,IF(ISBLANK(B28)=FALSE,VLOOKUP(B28,Data_source!A:J,4,FALSE),""),IF(ISBLANK(B28)=FALSE,VLOOKUP(B28,Data_source!A:J,5,FALSE),"")) | D28: =IF(ISBLANK(B28)=FALSE,IF(VLOOKUP(B28,Data_source!A:J,2,FALSE)="---","",VLOOKUP(B28,Data_source!A:J,2,FALSE)),"") | E28: =IF(F28<>"",D28,IF(D28>0,D28,IF(E27="",D28,E27+D28))) | F28: =IF(ISBLANK(B28)=FALSE,IF(VLOOKUP(B28,Data_source!A:J,3,FALSE)="---","",VLOOKUP(B28,Data_source!A:J,3,FALSE)),"") | G28: =IF(F28>0, F28, IF(F28="", "", IF(G27="", F28, G27+F28))) | H28: =IF(ISBLANK(B28)=FALSE,IF(VLOOKUP(B28,Data_source!A:J,6,FALSE)="---","",VLOOKUP(B28,Data_source!A:J,6,FALSE)),"") | I28: =IF(H28="","",IF(H27="",H28,H28+I27)) | J28: =IF(ISBLANK(B28)=FALSE,IF(VLOOKUP(B28,Data_source!A:J,7,FALSE)=0,"",VLOOKUP(B28,Data_source!A:J,7,FALSE)),"") | K28: =IF(ISBLANK(B28)=FALSE,IF(VLOOKUP(B28,Data_source!A:J,8,FALSE)=0,"",VLOOKUP(B28,Data_source!A:J,8,FALSE)),"") | L28: =IF(ISBLANK(B28)=FALSE,IF(VLOOKUP(B28,Data_source!A:J,9,FALSE)=0,"",VLOOKUP(B28,Data_source!A:J,9,FALSE)),"")
A29: 18 | C29: =IF($E$5=1,IF(ISBLANK(B29)=FALSE,VLOOKUP(B29,Data_source!A:J,4,FALSE),""),IF(ISBLANK(B29)=FALSE,VLOOKUP(B29,Data_source!A:J,5,FALSE),"")) | D29: =IF(ISBLANK(B29)=FALSE,IF(VLOOKUP(B29,Data_source!A:J,2,FALSE)="---","",VLOOKUP(B29,Data_source!A:J,2,FALSE)),"") | E29: =IF(F29<>"",D29,IF(D29>0,D29,IF(E28="",D29,E28+D29))) | F29: =IF(ISBLANK(B29)=FALSE,IF(VLOOKUP(B29,Data_source!A:J,3,FALSE)="---","",VLOOKUP(B29,Data_source!A:J,3,FALSE)),"") | G29: =IF(F29>0, F29, IF(F29="", "", IF(G28="", F29, G28+F29))) | H29: =IF(ISBLANK(B29)=FALSE,IF(VLOOKUP(B29,Data_source!A:J,6,FALSE)="---","",VLOOKUP(B29,Data_source!A:J,6,FALSE)),"") | I29: =IF(H29="","",IF(H28="",H29,H29+I28)) | J29: =IF(ISBLANK(B29)=FALSE,IF(VLOOKUP(B29,Data_source!A:J,7,FALSE)=0,"",VLOOKUP(B29,Data_source!A:J,7,FALSE)),"") | K29: =IF(ISBLANK(B29)=FALSE,IF(VLOOKUP(B29,Data_source!A:J,8,FALSE)=0,"",VLOOKUP(B29,Data_source!A:J,8,FALSE)),"") | L29: =IF(ISBLANK(B29)=FALSE,IF(VLOOKUP(B29,Data_source!A:J,9,FALSE)=0,"",VLOOKUP(B29,Data_source!A:J,9,FALSE)),"")
A30: 19 | C30: =IF($E$5=1,IF(ISBLANK(B30)=FALSE,VLOOKUP(B30,Data_source!A:J,4,FALSE),""),IF(ISBLANK(B30)=FALSE,VLOOKUP(B30,Data_source!A:J,5,FALSE),"")) | D30: =IF(ISBLANK(B30)=FALSE,IF(VLOOKUP(B30,Data_source!A:J,2,FALSE)="---","",VLOOKUP(B30,Data_source!A:J,2,FALSE)),"") | E30: =IF(F30<>"",D30,IF(D30>0,D30,IF(E29="",D30,E29+D30))) | F30: =IF(ISBLANK(B30)=FALSE,IF(VLOOKUP(B30,Data_source!A:J,3,FALSE)="---","",VLOOKUP(B30,Data_source!A:J,3,FALSE)),"") | G30: =IF(F30>0, F30, IF(F30="", "", IF(G29="", F30, G29+F30))) | H30: =IF(ISBLANK(B30)=FALSE,IF(VLOOKUP(B30,Data_source!A:J,6,FALSE)="---","",VLOOKUP(B30,Data_source!A:J,6,FALSE)),"") | I30: =IF(H30="","",IF(H29="",H30,H30+I29)) | J30: =IF(ISBLANK(B30)=FALSE,IF(VLOOKUP(B30,Data_source!A:J,7,FALSE)=0,"",VLOOKUP(B30,Data_source!A:J,7,FALSE)),"") | K30: =IF(ISBLANK(B30)=FALSE,IF(VLOOKUP(B30,Data_source!A:J,8,FALSE)=0,"",VLOOKUP(B30,Data_source!A:J,8,FALSE)),"") | L30: =IF(ISBLANK(B30)=FALSE,IF(VLOOKUP(B30,Data_source!A:J,9,FALSE)=0,"",VLOOKUP(B30,Data_source!A:J,9,FALSE)),"")
A31: 20 | C31: =IF($E$5=1,IF(ISBLANK(B31)=FALSE,VLOOKUP(B31,Data_source!A:J,4,FALSE),""),IF(ISBLANK(B31)=FALSE,VLOOKUP(B31,Data_source!A:J,5,FALSE),"")) | D31: =IF(ISBLANK(B31)=FALSE,IF(VLOOKUP(B31,Data_source!A:J,2,FALSE)="---","",VLOOKUP(B31,Data_source!A:J,2,FALSE)),"") | E31: =IF(F31<>"",D31,IF(D31>0,D31,IF(E30="",D31,E30+D31))) | F31: =IF(ISBLANK(B31)=FALSE,IF(VLOOKUP(B31,Data_source!A:J,3,FALSE)="---","",VLOOKUP(B31,Data_source!A:J,3,FALSE)),"") | G31: =IF(F31>0, F31, IF(F31="", "", IF(G30="", F31, G30+F31))) | H31: =IF(ISBLANK(B31)=FALSE,IF(VLOOKUP(B31,Data_source!A:J,6,FALSE)="---","",VLOOKUP(B31,Data_source!A:J,6,FALSE)),"") | I31: =IF(H31="","",IF(H30="",H31,H31+I30)) | J31: =IF(ISBLANK(B31)=FALSE,IF(VLOOKUP(B31,Data_source!A:J,7,FALSE)=0,"",VLOOKUP(B31,Data_source!A:J,7,FALSE)),"") | K31: =IF(ISBLANK(B31)=FALSE,IF(VLOOKUP(B31,Data_source!A:J,8,FALSE)=0,"",VLOOKUP(B31,Data_source!A:J,8,FALSE)),"") | L31: =IF(ISBLANK(B31)=FALSE,IF(VLOOKUP(B31,Data_source!A:J,9,FALSE)=0,"",VLOOKUP(B31,Data_source!A:J,9,FALSE)),"")
A32: 21 | C32: =IF($E$5=1,IF(ISBLANK(B32)=FALSE,VLOOKUP(B32,Data_source!A:J,4,FALSE),""),IF(ISBLANK(B32)=FALSE,VLOOKUP(B32,Data_source!A:J,5,FALSE),"")) | D32: =IF(ISBLANK(B32)=FALSE,IF(VLOOKUP(B32,Data_source!A:J,2,FALSE)="---","",VLOOKUP(B32,Data_source!A:J,2,FALSE)),"") | E32: =IF(F32<>"",D32,IF(D32>0,D32,IF(E31="",D32,E31+D32))) | F32: =IF(ISBLANK(B32)=FALSE,IF(VLOOKUP(B32,Data_source!A:J,3,FALSE)="---","",VLOOKUP(B32,Data_source!A:J,3,FALSE)),"") | G32: =IF(F32>0, F32, IF(F32="", "", IF(G31="", F32, G31+F32))) | H32: =IF(ISBLANK(B32)=FALSE,IF(VLOOKUP(B32,Data_source!A:J,6,FALSE)="---","",VLOOKUP(B32,Data_source!A:J,6,FALSE)),"") | I32: =IF(H32="","",IF(H31="",H32,H32+I31)) | J32: =IF(ISBLANK(B32)=FALSE,IF(VLOOKUP(B32,Data_source!A:J,7,FALSE)=0,"",VLOOKUP(B32,Data_source!A:J,7,FALSE)),"") | K32: =IF(ISBLANK(B32)=FALSE,IF(VLOOKUP(B32,Data_source!A:J,8,FALSE)=0,"",VLOOKUP(B32,Data_source!A:J,8,FALSE)),"") | L32: =IF(ISBLANK(B32)=FALSE,IF(VLOOKUP(B32,Data_source!A:J,9,FALSE)=0,"",VLOOKUP(B32,Data_source!A:J,9,FALSE)),"")
A33: 22 | C33: =IF($E$5=1,IF(ISBLANK(B33)=FALSE,VLOOKUP(B33,Data_source!A:J,4,FALSE),""),IF(ISBLANK(B33)=FALSE,VLOOKUP(B33,Data_source!A:J,5,FALSE),"")) | D33: =IF(ISBLANK(B33)=FALSE,IF(VLOOKUP(B33,Data_source!A:J,2,FALSE)="---","",VLOOKUP(B33,Data_source!A:J,2,FALSE)),"") | E33: =IF(F33<>"",D33,IF(D33>0,D33,IF(E32="",D33,E32+D33))) | F33: =IF(ISBLANK(B33)=FALSE,IF(VLOOKUP(B33,Data_source!A:J,3,FALSE)="---","",VLOOKUP(B33,Data_source!A:J,3,FALSE)),"") | G33: =IF(F33>0, F33, IF(F33="", "", IF(G32="", F33, G32+F33))) | H33: =IF(ISBLANK(B33)=FALSE,IF(VLOOKUP(B33,Data_source!A:J,6,FALSE)="---","",VLOOKUP(B33,Data_source!A:J,6,FALSE)),"") | I33: =IF(H33="","",IF(H32="",H33,H33+I32)) | J33: =IF(ISBLANK(B33)=FALSE,IF(VLOOKUP(B33,Data_source!A:J,7,FALSE)=0,"",VLOOKUP(B33,Data_source!A:J,7,FALSE)),"") | K33: =IF(ISBLANK(B33)=FALSE,IF(VLOOKUP(B33,Data_source!A:J,8,FALSE)=0,"",VLOOKUP(B33,Data_source!A:J,8,FALSE)),"") | L33: =IF(ISBLANK(B33)=FALSE,IF(VLOOKUP(B33,Data_source!A:J,9,FALSE)=0,"",VLOOKUP(B33,Data_source!A:J,9,FALSE)),"")
A34: 23 | C34: =IF($E$5=1,IF(ISBLANK(B34)=FALSE,VLOOKUP(B34,Data_source!A:J,4,FALSE),""),IF(ISBLANK(B34)=FALSE,VLOOKUP(B34,Data_source!A:J,5,FALSE),"")) | D34: =IF(ISBLANK(B34)=FALSE,IF(VLOOKUP(B34,Data_source!A:J,2,FALSE)="---","",VLOOKUP(B34,Data_source!A:J,2,FALSE)),"") | E34: =IF(F34<>"",D34,IF(D34>0,D34,IF(E33="",D34,E33+D34))) | F34: =IF(ISBLANK(B34)=FALSE,IF(VLOOKUP(B34,Data_source!A:J,3,FALSE)="---","",VLOOKUP(B34,Data_source!A:J,3,FALSE)),"") | G34: =IF(F34>0, F34, IF(F34="", "", IF(G33="", F34, G33+F34))) | H34: =IF(ISBLANK(B34)=FALSE,IF(VLOOKUP(B34,Data_source!A:J,6,FALSE)="---","",VLOOKUP(B34,Data_source!A:J,6,FALSE)),"") | I34: =IF(H34="","",IF(H33="",H34,H34+I33)) | J34: =IF(ISBLANK(B34)=FALSE,IF(VLOOKUP(B34,Data_source!A:J,7,FALSE)=0,"",VLOOKUP(B34,Data_source!A:J,7,FALSE)),"") | K34: =IF(ISBLANK(B34)=FALSE,IF(VLOOKUP(B34,Data_source!A:J,8,FALSE)=0,"",VLOOKUP(B34,Data_source!A:J,8,FALSE)),"") | L34: =IF(ISBLANK(B34)=FALSE,IF(VLOOKUP(B34,Data_source!A:J,9,FALSE)=0,"",VLOOKUP(B34,Data_source!A:J,9,FALSE)),"")
... A311: 300 | C311: =IF($E$5=1,IF(ISBLANK(B311)=FALSE,VLOOKUP(B311,Data_source!A:J,4,FALSE),""),IF(ISBLANK(B311)=FALSE,VLOOKUP(B311,Data_source!A:J,5,FALSE),"")) | D311: =IF(ISBLANK(B311)=FALSE,IF(VLOOKUP(B311,Data_source!A:J,2,FALSE)="---","",VLOOKUP(B311,Data_source!A:J,2,FALSE)),"") | E311: =IF(F311<>"",D311,IF(D311>0,D311,IF(E310="",D311,E310+D311))) | F311: =IF(ISBLANK(B311)=FALSE,IF(VLOOKUP(B311,Data_source!A:J,3,FALSE)="---","",VLOOKUP(B311,Data_source!A:J,3,FALSE)),"") | G311: =IF(F311>0, F311, IF(F311="", "", IF(G310="", F311, G310+F311))) | H311: =IF(ISBLANK(B311)=FALSE,IF(VLOOKUP(B311,Data_source!A:J,6,FALSE)="---","",VLOOKUP(B311,Data_source!A:J,6,FALSE)),"") | I311: =IF(H311="","",IF(H310="",H311,H311+I310)) | J311: =IF(ISBLANK(B311)=FALSE,IF(VLOOKUP(B311,Data_source!A:J,7,FALSE)=0,"",VLOOKUP(B311,Data_source!A:J,7,FALSE)),"") | K311: =IF(ISBLANK(B311)=FALSE,IF(VLOOKUP(B311,Data_source!A:J,8,FALSE)=0,"",VLOOKUP(B311,Data_source!A:J,8,FALSE)),"") | L311: =IF(ISBLANK(B311)=FALSE,IF(VLOOKUP(B311,Data_source!A:J,9,FALSE)=0,"",VLOOKUP(B311,Data_source!A:J,9,FALSE)),"")

Sheet Data_source
A1: =IF(System_configuration!E5=1, "Produkt", "Product") -> Product | B1: =IF(System_configuration!E5=1, "E-Bus Strom (mA)", "E-Bus current (mA)") -> E-Bus current (mA) | C1: =IF(System_configuration!E5=1, "K-Bus Strom (mA)", "K-Bus current (mA)") -> K-Bus current (mA) | D1: =IF(System_configuration!E5=1, "Produkt Beschreibung (German)", "Product Description (German)") -> Product Description (German) | E1: =IF(System_configuration!E5=1, "Produkt Beschreibung (English)", "Product Description (English)") -> Product Description (English) | F1: =IF(System_configuration!E5=1, "Produkt Breite (mm)", "Product width (mm)") -> Product width (mm) | G1: =IF(System_configuration!E5=1, "Power Kontakt +", "Power contact +") -> Power contact + | H1: =IF(System_configuration!E5=1, "Power Kontakt -", "Power contact -") -> Power contact - | I1: =IF(System_configuration!E5=1, "Power Kontakt PE", "Power contact PE") -> Power contact PE | J1: =IF(System_configuration!E5=1, "Anzahl der Produkte (Stück)", "Number of Products (piece)") -> Number of Products (piece)
A2: BC3100 | B2: --- | C2: 1750 | D2: Busklemmen Controller mit integrierter IEC 61131-3-SPS, 32 kByte Programmspeicher, PROFIBUS-Schnittstelle, 12 MBaud | E2: Bus Terminal Controller with integrated IEC 61131-3 PLC, 32 kbytes program memory, PROFIBUS interface, 12 Mbaud | F2: 49 | G2: -T- | H2: -T- | I2: -T- | J2: =COUNTIF(System_configuration!B:B,A2) -> 0
A3: BC3150 | B3: --- | C3: 1000 | D3: "Compact"-Busklemmen Controller mit integrierter IEC 61131-3-SPS, 48 kByte Programmspeicher, PROFIBUS-Schnittstelle, 12 MBaud | E3: “Compact“ Bus Terminal Controller with integrated IEC 61131-3 PLC, 48 kbytes program memory, PROFIBUS interface, 12 Mbaud | F3: 44 | G3: -T- | H3: -T- | J3: =COUNTIF(System_configuration!B:B,A3) -> 0
A4: BC5150 | B4: --- | C4: 1000 | D4: „Compact“-Busklemmen Controller mit integrierter IEC 61131-3-SPS, 48 kByte Programmspeicher, CANopen-Schnittstelle, 1 MBaud | E4: “Compact“ Bus Terminal Controller with integrated IEC 61131-3 PLC, 48 kbytes program memory, CANopen interface, 1 Mbaud | F4: 44 | G4: -T- | H4: -T- | J4: =COUNTIF(System_configuration!B:B,A4) -> 0
A5: BC5250 | B5: --- | C5: 1000 | D5: „Compact“-Busklemmen Controller mit integrierter IEC 61131-3-SPS, 48 kByte Programmspeicher, DeviceNet-Schnittstelle, 500 kBaud | E5: “Compact“ Bus Terminal Controller with integrated IEC 61131-3 PLC, 48 kbytes program memory, DeviceNet interface, 500 kbaud | F5: 49 | G5: -T- | H5: -T- | J5: =COUNTIF(System_configuration!B:B,A5) -> 0
A6: BC7300 | B6: --- | C6: 1750 | D6: Busklemmen Controller mit integrierter IEC 61131-3-SPS, 32 kByte Programmspeicher, Modbus-Schnittstelle | E6: Bus Terminal Controller with integrated IEC 61131-3 PLC, 32 kbytes program memory, Modbus interface | F6: 49 | G6: -T- | H6: -T- | I6: -T- | J6: =COUNTIF(System_configuration!B:B,A6) -> 0
A7: BC8050 | B7: --- | C7: 1000 | D7: "Compact"-Busklemmen Controller mit integrierter IEC 61131-3-SPS, 48 kByte Programmspeicher, RS485-Schnittstelle | E7: “Compact“ Bus Terminal Controller with integrated IEC 61131-3 PLC, 48 kbytes program memory, RS2485 interface | F7: 44 | G7: -T- | H7: -T- | J7: =COUNTIF(System_configuration!B:B,A7) -> 0
A8: BC8150 | B8: --- | C8: 1000 | D8: "Compact"-Busklemmen Controller mit integrierter IEC 61131-3-SPS, 48 kByte Programmspeicher, RS232-Schnittstelle | E8: “Compact“ Bus Terminal Controller with integrated IEC 61131-3 PLC, 48 kbytes program memory, RS232 interface | F8: 44 | G8: -T- | H8: -T- | J8: =COUNTIF(System_configuration!B:B,A8) -> 0
A9: BC9000 | B9: --- | C9: 1750 | D9: Busklemmen Controller mit integrierter IEC 61131-3-SPS, 64 kByte Programmspeicher, Ethernet TCP/IP-Schnittstelle; Ethernet-Protokolle TwinCAT ADS, Modbus TCP | E9: Bus Terminal Controller with integrated IEC 61131-3 PLC, 64 kbytes program memory, Ethernet TCP/IP interface; Ethernet protocols TwinCAT ADS, Modbus TCP | F9: 49 | G9: -T- | H9: -T- | I9: -T- | J9: =COUNTIF(System_configuration!B:B,A9) -> 0
A10: BC9020 | B10: --- | C10: 1750 | D10: „Economy plus“-Busklemmen-Controller mit integrierter IEC 61131-3-SPS, 128 kByte Programmspeicher, Ethernet-TCP/IP-Schnittstelle; Ethernet-Protokolle TwinCAT ADS, Modbus TCP | E10: “Economy plus” Bus Terminal Controller with integrated IEC 61131-3 PLC, 128 kbytes program memory, Ethernet TCP/IP interface; Ethernet protocols TwinCAT ADS, Modbus TCP | F10: 49 | G10: -T- | H10: -T- | I10: -T- | J10: =COUNTIF(System_configuration!B:B,A10) -> 0
A11: BC9050 | B11: --- | C11: 1000 | D11: „Compact“-Busklemmen-Controller mit integrierter IEC 61131-3-SPS, 48 kByte Programmspeicher, Ethernet TCP/IP-Schnittstelle; Ethernet-Protokolle TwinCAT ADS, Modbus TCP | E11: “Compact“ Bus Terminal Controller with integrated IEC 61131-3 PLC, 48 kbytes program memory, Ethernet TCP/IP interface; Ethernet protocols TwinCAT ADS, Modbus TCP | F11: 44 | G11: -T- | H11: -T- | J11: =COUNTIF(System_configuration!B:B,A11) -> 0
A12: BC9100 | B12: --- | C12: 1750 | D12: Busklemmen Controller mit integrierter IEC 61131-3-SPS, 64 kByte Programmspeicher, Ethernet TCP/IP-Schnittstelle und integriertem 2-Kanal-Switch; Ethernet-Protokolle TwinCAT ADS, Modbus TCP | E12: Bus Terminal Controller with integrated IEC 61131-3 PLC, 64 kbytes program memory, Ethernet TCP/IP interface and integrated 2-channel switch; Ethernet protocols TwinCAT ADS, Modbus TCP | F12: 49 | G12: -T- | H12: -T- | I12: -T- | J12: =COUNTIF(System_configuration!B:B,A12) -> 0
A13: BC9120 | B13: --- | C13: 1750 | D13: „Economy plus“-Busklemmen-Controller mit integrierter IEC 61131-3-SPS, 128 kByte Programmspeicher, Ethernet-TCP/IP-Schnittstelle und integriertem 2-Kanal-Switch; Ethernet-Protokolle TwinCAT ADS, Modbus TCP | E13: “Economy plus” Bus Terminal Controller with integrated IEC 61131-3 PLC, 128 kbytes program memory, Ethernet TCP/IP interface and integrated 2-channel switch; Ethernet protocols TwinCAT ADS, Modbus TCP | F13: 49 | G13: -T- | H13: -T- | I13: -T- | J13: =COUNTIF(System_configuration!B:B,A13) -> 0
A14: BC9191 | B14: --- | C14: 200 | D14: Building-Automation-Raum-Controller mit integrierter IEC 61131-3-SPS, Ethernet-TCP/IP-Schnittstelle und integriertem 2-Kanal-Switch – Programmspeicher: 48 kByte – Spannungsversorgung: 230 V AC – Ethernet-Protokolle: TwinCAT ADS, Modbus TCP – Sub-Bussystem: 1 x Anbindung an EnOcean KL6583 – K-Bus-Interface – on-board I/Os: – 3 digitale Eingänge – 1 analoger Eingang PT/NI1000 – 1 analoger Eingang, Widerstandsmessung zur Sollwertvorgabe (0…10 kΩ) – 3 analoge Eingänge 0...10 V – 1 digitaler Ausgang für LED, 10 mA – 1 digitaler Relais-Ausgang 230 V AC, 10 A – 3 digitale Relais-Ausgänge 230 V AC, 1 A – 2 digitale Triac-Ausgänge 230 V AC, 1 A – 2 analoge Ausgänge 0…10 V | E14: Bus Terminal Controller with integrated IEC 61131-3 PLC, Ethernet TCP/IP interface and integrated 2-channel switch – Program memory: 48 kbytes – Supply voltage: 230 V AC – Ethernet protocols: TwinCAT ADS, Modbus TCP – Sub bus system: 1 connection to EnOcean KL6583 – K-bus interface – on board I/Os: – 3 digital inputs – 1 analog input PT/NI1000 – 1 analog input, resistance measurement for set value specification (0…10 kΩ) – 3 analog inputs 0...10 V – 1 digital output for LED, 10 mA – 1 digital relay output 230 V AC, 10 A – 3 digital relay outputs 230 V AC, 1 A – 2 digital triac outputs 230 V AC, 1 A – 2 analog outputs 0…10 V | F14: 122 | J14: =COUNTIF(System_configuration!B:B,A14) -> 0
A15: BC9191-0100 | B15: --- | C15: 200 | D15: Building-Automation-Raum-Controller mit integrierter IEC 61131-3-SPS, Ethernet-TCP/IP-Schnittstelle und integriertem 2-Kanal-Switch – Programmspeicher: 128 kByte – Spannungsversorgung: 230 V AC – Ethernet-Protokolle: TwinCAT ADS, Modbus TCP – Sub-Bussystem: 1 x RS485 – K-Bus-Interface – on-board I/Os: – 3 digitale Eingänge – 1 analoger Eingang PT/NI1000 – 1 analoger Eingang, Widerstandsmessung zur Sollwertvorgabe (0…10 kΩ) – 3 analoge Eingänge 0...10 V – 1 digitaler Ausgang für LED, 10 mA – 1 digitaler Relais-Ausgang 230 V AC, 10 A – 3 digitale Relais-Ausgänge 230 V AC, 1 A – 2 digitale Triac-Ausgänge 230 V AC, 1 A – 2 analoge Ausgänge 0…10 V | E15: Bus Terminal Controller with integrated IEC 61131-3 PLC, Ethernet TCP/IP interface and integrated 2-channel switch – Program memory: 128 kbytes – Supply voltage: 230 V AC – Ethernet protocols: TwinCAT ADS, Modbus TCP – Sub bus system: 1 x RS485 – K-bus interface – on board I/Os: – 3 digital inputs – 1 analog input 1 x Pt/NI1000 – 1 analog input, resistance measurement for set value specification (0…10 kΩ) – 3 analog inputs 0...10 V – 1 digital output for LED, 10 mA – 1 digital relay output 230 V AC, 10 A – 3 digital relay outputs 230 V AC, 1 A – 2 digital triac outputs 230 V AC, 1 A – 2 analog outputs 0…10 V | F15: 122 | J15: =COUNTIF(System_configuration!B:B,A15) -> 0
A16: BK1120 | B16: --- | C16: 1750 | D16: EtherCAT-„Economy plus“-Buskoppler für bis zu 64 Busklemmen (255 mit K-Bus-Verlängerung) | E16: EtherCAT “Economy plus“ Bus Coupler for up to 64 Bus Terminals (255 with K-bus extension) | F16: 49 | G16: -T- | H16: -T- | I16: -T- | J16: =COUNTIF(System_configuration!B:B,A16) -> 0
A17: BK1150 | B17: --- | C17: 2000 | D17: EtherCAT-„Compact“-Buskoppler für bis zu 64 Busklemmen (255 mit K-Bus-Verlängerung) | E17: EtherCAT “Compact“ Bus Coupler for up to 64 Bus Terminals (255 with K-bus extension) | F17: 44 | G17: -T- | H17: -T- | I17: -T- | J17: =COUNTIF(System_configuration!B:B,A17) -> 0
A18: BK1250 | B18: --- | C18: 500 | D18: EtherCAT-„Compact“-Koppler zwischen EtherCAT-Klemmen (E-Bus) und Busklemmen (K-Bus), Adapterklemme | E18: EtherCAT “Compact“ Coupler between EtherCAT Terminals (E-bus) and Bus Terminals (K-bus), adapter terminal | F18: 12 | G18: T | H18: T | I18: T | J18: =COUNTIF(System_configuration!B:B,A18) -> 0
A19: BK2000 | B19: --- | C19: 1750 | D19: Lightbus-Buskoppler für bis zu 64 Busklemmen | E19: Lightbus Bus Coupler for up to 64 Bus Terminals | F19: 49 | G19: -T- | H19: -T- | I19: -T- | J19: =COUNTIF(System_configuration!B:B,A19) -> 0
A20: BK2010 | B20: --- | C20: 500 | D20: Lightbus-Buskoppler für bis zu 64 digitale Busklemmen | E20: Lightbus Bus Coupler for up to 64 digital Bus Terminals | F20: 49 | G20: -T- | H20: -T- | I20: -T- | J20: =COUNTIF(System_configuration!B:B,A20) -> 0
A21: BK2020 | B21: --- | C21: 1750 | D21: Lightbus-„Economy plus“-Buskoppler für bis zu 64 Busklemmen (255 mit K-Bus-Verlängerung) | E21: Lightbus “Economy plus“ Bus Coupler for up to 64 Bus Terminals (255 with K-bus extension) | F21: 49 | G21: -T- | H21: -T- | I21: -T- | J21: =COUNTIF(System_configuration!B:B,A21) -> 0
A22: BK3010 | B22: --- | C22: 500 | D22: PROFIBUS-Buskoppler für bis zu 64 digitale Busklemmen, 1,5 MBaud | E22: PROFIBUS Bus Coupler for up to 64 digital Bus Terminals, 1.5 Mbaud | F22: 49 | G22: -T- | H22: -T- | I22: -T- | J22: =COUNTIF(System_configuration!B:B,A22) -> 0
A23: BK3100 | B23: --- | C23: 1750 | D23: PROFIBUS-DP/FMS-Buskoppler für bis zu 64 Busklemmen, 12 MBaud | E23: PROFIBUS DP/FMS Bus Coupler for up to 64 Bus Terminals, 12 Mbaud | F23: 49 | G23: -T- | H23: -T- | I23: -T- | J23: =COUNTIF(System_configuration!B:B,A23) -> 0
A24: BK3110 | B24: --- | C24: 500 | D24: PROFIBUS-Buskoppler für bis zu 64 digitale Busklemmen, 12 MBaud | E24: PROFIBUS Bus Coupler for up to 64 digital Bus Terminals, 12 Mbaud | F24: 49 | G24: -T- | H24: -T- | I24: -T- | J24: =COUNTIF(System_configuration!B:B,A24) -> 0
A25: BK3120 | B25: --- | C25: 1750 | D25: PROFIBUS-„Economy plus“-Buskoppler für bis zu 64 Busklemmen (255 mit K-Bus-Verlängerung), 12 MBaud | E25: PROFIBUS “Economy plus“ Bus Coupler for up to 64 Bus Terminals (255 with K-bus extension), 12 Mbaud | F25: 49 | G25: -T- | H25: -T- | I25: -T- | J25: =COUNTIF(System_configuration!B:B,A25) -> 0
A26: BK3150 | B26: --- | C26: 1000 | D26: PROFIBUS-„Compact“-Buskoppler für bis zu 64 Busklemmen (255 mit K-Bus-Verlängerung), 12 MBaud | E26: PROFIBUS “Compact“ Bus Coupler for up to 64 Bus Terminals (255 with K-bus extension), 12 Mbaud | F26: 44 | G26: -T- | H26: -T- | J26: =COUNTIF(System_configuration!B:B,A26) -> 0
A27: BK3520 | B27: --- | C27: 1750 | D27: PROFIBUS-„Economy plus“-Buskoppler mit LWL-Anschluss für bis zu 64 Busklemmen (255 mit K-Bus-Verlängerung), 12 MBaud | E27: PROFIBUS “Economy plus“ Bus Coupler with fibre optic connection for up to 64 Bus Terminals (255 with K-bus extension), 12 Mbaud | F27: 49 | G27: -T- | H27: -T- | I27: -T- | J27: =COUNTIF(System_configuration!B:B,A27) -> 0
A28: BK4000 | B28: --- | C28: 1750 | D28: Interbus-Buskoppler für bis zu 64 Busklemmen | E28: Interbus Bus Coupler for up to 64 Bus Terminals | F28: 49 | G28: -T- | H28: -T- | I28: -T- | J28: =COUNTIF(System_configuration!B:B,A28) -> 0
A29: BK4020 | B29: --- | C29: 1750 | D29: Interbus-„Economy plus“-Buskoppler für bis zu 64 Busklemmen (255 mit K-Bus-Verlängerung) | E29: Interbus “Economy plus“ Bus Coupler for up to 64 Bus Terminals (255 with K-bus extension) | F29: 49 | G29: -T- | H29: -T- | I29: -T- | J29: =COUNTIF(System_configuration!B:B,A29) -> 0
A30: BK5110 | B30: --- | C30: 500 | D30: CANopen-Buskoppler für bis zu 64 digitale Busklemmen | E30: CANopen Bus Coupler for up to 64 digital Bus Terminals | F30: 49 | G30: -T- | H30: -T- | I30: -T- | J30: =COUNTIF(System_configuration!B:B,A30) -> 0
A31: BK5120 | B31: --- | C31: 1750 | D31: CANopen-„Economy plus“-Buskoppler für bis zu 64 Busklemmen (255 mit K-Bus-Verlängerung) | E31: CANopen “Economy plus“ Bus Coupler for up to 64 Bus Terminals (255 with K-bus extension) | F31: 49 | G31: -T- | H31: -T- | I31: -T- | J31: =COUNTIF(System_configuration!B:B,A31) -> 0
A32: BK5150 | B32: --- | C32: 1000 | D32: CANopen-„Compact“-Buskoppler für bis zu 64 Busklemmen (255 mit K-Bus-Verlängerung) | E32: CANopen “Compact“ Bus Coupler for up to 64 Bus Terminals (255 with K-bus extension) | F32: 44 | G32: -T- | H32: -T- | J32: =COUNTIF(System_configuration!B:B,A32) -> 0
A33: BK5151 | B33: --- | C33: 1000 | D33: CANopen-„Compact“-Buskoppler für bis zu 64 Busklemmen (255 mit K-Bus-Verlängerung), Busanschluss: D-Sub-Stecker, 9-polig, anstatt Open-Style-Connector | E33: CANopen “Compact“ Bus Coupler for up to 64 Bus Terminals (255 with K-bus extension), Bus connection: D-sub plug, 9-pin instead of open style connector | F33: 44 | G33: -T- | H33: -T- | J33: =COUNTIF(System_configuration!B:B,A33) -> 0
A34: BK5200 | B34: --- | C34: 1750 | D34: DeviceNet-Buskoppler für bis zu 64 Busklemmen | E34: DeviceNet Bus Coupler for up to 64 Bus Terminals | F34: 49 | G34: -T- | H34: -T- | I34: -T- | J34: =COUNTIF(System_configuration!B:B,A34) -> 0
A35: BK5210 | B35: --- | C35: 500 | D35: DeviceNet-Buskoppler für bis zu 64 digitale Busklemmen | E35: DeviceNet Bus Coupler for up to 64 digital Bus Terminals | F35: 49 | G35: -T- | H35: -T- | I35: -T- | J35: =COUNTIF(System_configuration!B:B,A35) -> 0
A36: BK5220 | B36: --- | C36: 1750 | D36: DeviceNet-„Economy plus“-Buskoppler für bis zu 64 Busklemmen (255 mit K-Bus-Verlängerung) | E36: DeviceNet “Economy plus“ Bus Coupler for up to 64 Bus Terminals (255 with K-bus extension) | F36: 49 | G36: -T- | H36: -T- | I36: -T- | J36: =COUNTIF(System_configuration!B:B,A36) -> 0
A37: BK5250 | B37: --- | C37: 1000 | D37: DeviceNet-„Compact“-Buskoppler für bis zu 64 Busklemmen (255 mit K-Bus-Verlängerung) | E37: DeviceNet “Compact“ Bus Coupler for up to 64 Bus Terminals (255 with K-bus extension) | F37: 44 | G37: -T- | H37: -T- | J37: =COUNTIF(System_configuration!B:B,A37) -> 0
A38: BK7000 | B38: --- | C38: 1750 | D38: ControlNet-Buskoppler für bis zu 64 Busklemmen | E38: ControlNet Bus Coupler for up to 64 Bus Terminals | F38: 49 | G38: -T- | H38: -T- | I38: -T- | J38: =COUNTIF(System_configuration!B:B,A38) -> 0
A39: BK7150 | B39: --- | C39: 1000 | D39: CC-Link-„Compact“-Buskoppler für bis zu 64 Busklemmen (255 mit K-Bus-Verlängerung) | E39: CC-Link “Compact“ Bus Coupler for up to 64 Bus Terminals (255 with K-bus extension) | F39: 44 | G39: -T- | H39: -T- | J39: =COUNTIF(System_configuration!B:B,A39) -> 0
A40: BK7300 | B40: --- | C40: 1750 | D40: Modbus-Buskoppler für bis zu 64 Busklemmen | E40: Modbus Bus Coupler for up to 64 Bus Terminals | F40: 49 | G40: -T- | H40: -T- | I40: -T- | J40: =COUNTIF(System_configuration!B:B,A40) -> 0
A41: BK7350 | B41: --- | C41: 1000 | D41: Modbus-„Compact“-Buskoppler für bis zu 64 Busklemmen (255 mit K-Bus-Verlängerung) | E41: Modbus "Compact" Bus Coupler for up to 64 Bus Terminals (255 with K-bus extension) | F41: 44 | G41: -T- | H41: -T- | J41: =COUNTIF(System_configuration!B:B,A41) -> 0
A42: BK7500 | B42: --- | C42: 1750 | D42: SERCOS-Buskoppler für bis zu 64 Busklemmen, 2,4 MBaud | E42: SERCOS interface Bus Coupler for up to 64 Bus Terminals, 2.4 Mbaud | F42: 49 | G42: -T- | H42: -T- | I42: -T- | J42: =COUNTIF(System_configuration!B:B,A42) -> 0
A43: BK7520 | B43: --- | C43: 1750 | D43: SERCOS-„Economy plus“-Buskoppler für bis zu 64 Busklemmen (255 mit K-Bus-Verlängerung), 2, 4, 8, 16 MBaud | E43: SERCOS interface “Economy plus“ Bus Coupler for up to 64 Bus Terminals (255 with K-bus extension) 2, 4, 8, 16 Mbaud | F43: 49 | G43: -T- | H43: -T- | I43: -T- | J43: =COUNTIF(System_configuration!B:B,A43) -> 0
A44: BK8000 | B44: --- | C44: 1750 | D44: RS485-Buskoppler für bis zu 64 Busklemmen | E44: RS485 Bus Coupler for up to 64 Bus Terminals | F44: 49 | G44: -T- | H44: -T- | I44: -T- | J44: =COUNTIF(System_configuration!B:B,A44) -> 0
A45: BK8100 | B45: --- | C45: 1750 | D45: RS232-Buskoppler für bis zu 64 Busklemmen | E45: RS232 Bus Coupler for up to 64 Bus Terminals | F45: 49 | G45: -T- | H45: -T- | I45: -T- | J45: =COUNTIF(System_configuration!B:B,A45) -> 0
A46: BK9000 | B46: --- | C46: 1750 | D46: Ethernet TCP/IP-Buskoppler für bis zu 64 Busklemmen; Ethernet-Protokolle TwinCAT ADS, Modbus TCP, Beckhoff Realtime-Ethernet | E46: Ethernet TCP/IP Bus Coupler for up to 64 Bus Terminals; Ethernet protocols TwinCAT ADS, Modbus TCP, Beckhoff real-time Ethernet | F46: 49 | G46: -T- | H46: -T- | I46: -T- | J46: =COUNTIF(System_configuration!B:B,A46) -> 0
A47: BK9050 | B47: --- | C47: 1000 | D47: Ethernet-TCP/IP-„Compact“-Buskoppler für bis zu 64 Busklemmen (255 mit K-Bus-Verlängerung) | E47: Ethernet TCP/IP “Compact“ Bus Coupler for up to 64 Bus Terminals (255 with K-bus extension) | F47: 44 | G47: -T- | H47: -T- | J47: =COUNTIF(System_configuration!B:B,A47) -> 0
A48: BK9053 | B48: --- | C48: 1750 | D48: PROFINET-„Compact“-Buskoppler für bis zu 64 Busklemmen (255 mit K-Bus-Verlängerung) | E48: PROFINET “Compact” Bus Coupler for up to 64 Bus Terminals (255 with K-bus extension) | F48: 44 | G48: -T- | H48: -T- | J48: =COUNTIF(System_configuration!B:B,A48) -> 0
A49: BK9055 | B49: --- | C49: 1000 | D49: EtherNet/IP-„Compact“-Buskoppler für bis zu 64 Busklemmen (255 mit K-Bus-Verlängerung) | E49: EtherNet/IP “Compact“ Bus Coupler for up to 64 Bus Terminals (255 with K-bus extension) | F49: 44 | G49: -T- | H49: -T- | J49: =COUNTIF(System_configuration!B:B,A49) -> 0
A50: BK9100 | B50: --- | C50: 1750 | D50: Ethernet-TCP/IP-Buskoppler für bis zu 64 Busklemmen (255 mit K-Bus-Verlängerung),mit integriertem 2-Kanal-Switch; Ethernet-Protokolle TwinCAT ADS, Modbus TCP, Beckhoff Realtime-Ethernet | E50: Ethernet TCP/IP Bus Coupler for up to 64 Bus Terminals (255 with K-bus extension), with integrated 2-channel switch; Ethernet protocols TwinCAT ADS, Modbus TCP, Beckhoff real-time Ethernet | F50: 49 | G50: -T- | H50: -T- | I50: -T- | J50: =COUNTIF(System_configuration!B:B,A50) -> 0
A51: BK9103 | B51: --- | C51: 1750 | D51: PROFINET-Buskoppler für bis zu 64 Busklemmen (mit integriertem 2-Kanal-Switch) | E51: PROFINET Bus Coupler for up to 64 Bus Terminals (with integrated 2-channel switch) | F51: 49 | G51: -T- | H51: -T- | I51: -T- | J51: =COUNTIF(System_configuration!B:B,A51) -> 0
A52: BK9105 | B52: --- | C52: 1750 | D52: EtherNet/IP-Buskoppler für bis zu 64 Busklemmen (mit integriertem 2-Kanal-Switch) | E52: EtherNet/IP Bus Coupler for up to 64 Bus Terminals (with integrated 2-channel switch) | F52: 49 | G52: -T- | H52: -T- | I52: -T- | J52: =COUNTIF(System_configuration!B:B,A52) -> 0
A53: BK9500 | B53: --- | C53: 1750 | D53: USB-Buskoppler für bis zu 64 Busklemmen | E53: USB Bus Coupler for up to 64 Bus Terminals | F53: 49 | G53: -T- | H53: -T- | I53: -T- | J53: =COUNTIF(System_configuration!B:B,A53) -> 0
A54: BX3100 | B54: --- | C54: 1450 | D54: Busklemmen Controller mit integrierter IEC 61131-3-SPS, 256 kByte Programmspeicher, PROFIBUS-Schnittstelle, 12 MBaud | E54: Bus Terminal Controller with integrated IEC 61131-3 PLC, 256 kbytes program memory, PROFIBUS interface, 12 Mbaud | F54: 81 | G54: -T- | H54: -T- | I54: -T- | J54: =COUNTIF(System_configuration!B:B,A54) -> 0
A55: BX5100 | B55: --- | C55: 1450 | D55: Busklemmen Controller mit integrierter IEC 61131-3-SPS, 256 kByte Programmspeicher, CANopen-Schnittstelle, 1 MBaud | E55: Bus Terminal Controller with integrated IEC 61131-3 PLC, 256 kbytes program memory, CANopen interface, 1 Mbaud | F55: 81 | G55: -T- | H55: -T- | I55: -T- | J55: =COUNTIF(System_configuration!B:B,A55) -> 0
A56: BX5200 | B56: --- | C56: 1450 | D56: Busklemmen Controller mit integrierter IEC 61131-3-SPS, 256 kByte Programmspeicher, DeviceNet-Schnittstelle, 500 kBaud | E56: Bus Terminal Controller with integrated IEC 61131-3 PLC, 256 kbytes program memory, DeviceNet interface, 500 kbaud | F56: 81 | G56: -T- | H56: -T- | I56: -T- | J56: =COUNTIF(System_configuration!B:B,A56) -> 0
A57: BX8000 | B57: --- | C57: 1450 | D57: Busklemmen Controller mit integrierter IEC 61131-3-SPS, 256 kByte Programmspeicher, RS232/485-Schnittstelle | E57: Bus Terminal Controller with integrated IEC 61131-3 PLC, 256 kbytes program memory, RS232/485 interface | F57: 81 | G57: -T- | H57: -T- | I57: -T- | J57: =COUNTIF(System_configuration!B:B,A57) -> 0
A58: BX9000 | B58: --- | C58: 1450 | D58: Busklemmen Controller mit integrierter IEC 61131-3-SPS; 256 kByte Programmspeicher, Ethernet-Protokolle TwinCAT ADS, Modbus TCP | E58: Bus Terminal Controller with integrated IEC 61131-3 PLC, 256 kbytes program memory, Ethernet TCP/IP interface; Ethernet protocols TwinCAT ADS, Modbus TCP | F58: 81 | G58: -T- | H58: -T- | I58: -T- | J58: =COUNTIF(System_configuration!B:B,A58) -> 0
A59: CX1000-0010 | B59: --- | C59: --- | D59: CPU-Modul CX1000, 32 MByte RAM, Microsoft Windows CE 5.0, kein TwinCAT | E59: Basic CPU module CX1000, 32 Mbyte RAM, Microsoft Windows CE 5.0, no TwinCAT | F59: 57 | J59: =COUNTIF(System_configuration!B:B,A59) -> 0
A60: CX1000-0011 | B60: --- | C60: --- | D60: CPU-Modul CX1000, 32 MByte RAM, Microsoft Windows CE 5.0, TwinCAT-2-PLC-Runtime | E60: Basic CPU module CX1000, 32 Mbyte RAM, Microsoft Windows CE 5.0, TwinCAT 2 PLC runtime | F60: 57 | J60: =COUNTIF(System_configuration!B:B,A60) -> 0
A61: CX1000-0012 | B61: --- | C61: --- | D61: CPU-Modul CX1000, 32 MByte RAM, Microsoft Windows CE 5.0, TwinCAT-2-PLC-Runtime, TwinCAT-2-NC-Runtime | E61: Basic CPU module CX1000, 32 Mbyte RAM, Microsoft Windows CE 5.0, TwinCAT 2 PLC runtime, TwinCAT 2 NC Runtime | F61: 57 | J61: =COUNTIF(System_configuration!B:B,A61) -> 0
A62: CX1000-0110 | B62: --- | C62: --- | D62: CPU-Modul CX1000, 32 MByte RAM, DVI/USB, Microsoft Windows CE 5.0, kein TwinCAT | E62: Basic CPU module CX1000, 32 Mbyte RAM, DVI/USB, Microsoft Windows CE 5.0, no TwinCAT | F62: 57 | J62: =COUNTIF(System_configuration!B:B,A62) -> 0
A63: CX1000-0111 | B63: --- | C63: --- | D63: CPU-Modul CX1000, 32 MByte RAM, DVI/USB, Microsoft Windows CE 5.0, TwinCAT-2-PLC-Runtime | E63: Basic CPU module CX1000, 32 Mbyte RAM, DVI/USB, Microsoft Windows CE 5.0, TwinCAT 2 PLC runtime | F63: 57 | J63: =COUNTIF(System_configuration!B:B,A63) -> 0
A64: CX1000-0112 | B64: --- | C64: --- | D64: CPU-Modul CX1000, 32 MByte RAM, DVI/USB, Microsoft Windows CE 5.0, TwinCAT-2-PLC-Runtime, TwinCAT-2-NC-Runtime | E64: Basic CPU module CX1000, 32 Mbyte RAM, DVI/USB, Microsoft Windows CE 5.0, TwinCAT 2 PLC runtime, TwinCAT 2 NC Runtime | F64: 57 | J64: =COUNTIF(System_configuration!B:B,A64) -> 0
A65: CX1000-N001 | B65: --- | C65: --- | D65: Interfacemodul für DVI + 2 USB-Anschlüsse – Standard-DVI-Schnittstelle (max. 5…7 m Kabellänge, auflösungsabhängig) – DVI-Schnittstelle führt VGA-Signale aus (Passiver Steckeradapter dient dem Anschluss von Standard-CRT-VGA-Monitoren.) – 2 x USB-Ports, Typ A – ab Werk vormontiert, nicht nachrüstbar – Schutzart: IP 20 – Betriebs-/Lagertemperatur: 0 °C … +55 °C/-25 °C … +85 °C – Gewicht: 80 g – Abmessungen (B x H x T): 19 x 100 x 91 mm | E65: Interface module for DVI + 2 USB connections – standard DVI connector (max. 5...7 m cable length, resolution dependant) – DVI connector includes VGA signals (simple adaptor connects to desktop standard CRT-VGA monitors) – 2 x USB ports type A – pre-assembled ex factory, no field modification possible – protection class IP 20 – operating/storage temperature 0 °C ... +55 °C/-25 °C ... +85 °C – weight approx. 80 g – dimensions (W x H x D) 19 x 100 x 91 mm | F65: 19 | J65: =COUNTIF(System_configuration!B:B,A65) -> 0
A66: CX1000-N002 | B66: --- | C66: --- | D66: Interfacemodul für 2 x RS232-Schnittstellen (COM2 + COM3) – volle 115 kBaud auf beiden Kanälen – COM2: RXD,TXD, DTR – COM3: RXD,TXD – ab Werk vormontiert, nicht nachrüstbar – Schutzart: IP 20 – Betriebs-/Lagertemperatur: 0 °C … +55 °C/-25 °C … +85 °C – Gewicht: 80 g – Abmessungen (B x H x T): 19 x 100 x 91 mm | E66: Interface module for 2 x RS232 connections (COM2 + COM3) – full 115 kbaud on both channels – COM2: RXD, TXD, DTR – COM3: RXD, TXD – pre-assembled ex factory, no field modification possible – protection class IP 20 – operating/storage temperature 0 °C ... +55 °C/-25 °C ... +85 °C – weight approx. 80 g – dimensions (W x H x D) 19 x 100 x 91 mm | F66: 19 | J66: =COUNTIF(System_configuration!B:B,A66) -> 0
A67: CX1000-N003 | B67: --- | C67: --- | D67: Interfacemodul für Stereo-Audio-In/Out-Schnittstellen – Line-In – Mic-In (Mikrofon-Signaleingang) – Line-Out (auch für Kopfhörer), max. 200 mW – eingebauter PC-Beeper – ab Werk vormontiert, nicht nachrüstbar – Schutzart: IP 20 – Betriebs-/Lagertemperatur: 0 °C … +55 °C/-25 °C … +85 °C – Gewicht: 80 g – Abmessungen (B x H x T): 19 x 100 x 91 mm | E67: Interface module for stereo audio In/Out connections – Line In – Line Mic – Line Out (also for headphone), max. 200 mW – built-in PC beeper – pre-assembled ex factory, no field modification possible – protection class IP 20 – operating/storage temperature 0 °C ... +55 °C/-25 °C ... +85 °C – weight approx. 80 g – dimensions (W x H x D) 19 x 100 x 91 mm | F67: 19 | J67: =COUNTIF(System_configuration!B:B,A67) -> 0
A68: CX1000-N005 | B68: --- | C68: --- | D68: Interfacemodul für 2 x RS422/RS485-Schnittstellen, opto-isoliert (COM2 + COM3) – kann nur anstelle von und nicht gleichzeitig mit CX1000-N002 verwendet werden – volle 115 kBaud auf beiden Kanälen – galvanisch getrennte Schnittstellen (optisch isoliert) – Modi: RS485: mit/ohne Echo, mit/ohne Terminierung, RS422: Vollduplex – ab Werk vormontiert, nicht nachrüstbar – Schutzart: IP 20 – Betriebs-/Lagertemperatur: 0 °C … +55 °C/-25 °C … +85 °C – Gewicht: 80 g – Abmessungen (B x H x T): 19 x 100 x 91 mm | E68: Interface module for 2 x RS422/RS485 optically isolated (COM2 + COM3) – can only be used instead of and not at the same time as CX1000-N002 – full 115 kbaud on both channels – electrically isolated interfaces (optically isolated) – modes: RS485: with/without echo, with/without termination, RS422: full duplex – pre-assembled in the factory, cannot be upgraded – protection class IP 20 – operating/storage temperature: 0 °C ... +55 °C/-25 °C ... +85 °C – weight approx. 80 g – dimensions (W x H x D) 19 x 100 x 91 mm | F68: 19 | J68: =COUNTIF(System_configuration!B:B,A68) -> 0
A69: CX1001-0000 | B69: --- | C69: --- | D69: CPU-Modul CX1000, 128 MByte RAM, kein Betriebssystem, kein TwinCAT | E69: Basic CPU module CX1000, 128 Mbyte RAM, no operating system, no TwinCAT | F69: 57 | J69: =COUNTIF(System_configuration!B:B,A69) -> 0
A70: CX1001-0010 | B70: --- | C70: --- | D70: CPU-Modul CX1000, 128 MByte RAM, Microsoft Windows CE 5.0, kein TwinCAT | E70: Basic CPU module CX1000, 128 Mbyte RAM, Microsoft Windows CE 5.0, no TwinCAT | F70: 57 | J70: =COUNTIF(System_configuration!B:B,A70) -> 0
... A82: CX1001-0122 | B82: --- | C82: --- | D82: CPU-Modul CX1000, 128 MByte RAM, DVI/USB, Microsoft Windows XP Embedded, TwinCAT-2-PLC-Runtime, TwinCAT-2-NC-Runtime | E82: Basic CPU module CX1000, 128 Mbyte RAM, DVI/USB, Microsoft Windows XP Embedded, TwinCAT 2 PLC runtime, TwinCAT 2 NC Runtime | F82: 57 | J82: =COUNTIF(System_configuration!B:B,A82) -> 0
A83: CX100x-0xxx | B83: --- | C83: --- | D83: Modularer Hutschienen-Industrie-PC – Pentium®-MMX-kompatibel, 266-MHz-Taktfrequenz – Flash-Speicher: 128-MByte-Compact-Flash-Karte (austauschbar, erweiterbar) – 32 MByte RAM (erweiterbar auf 128 MByte) – COM1 (RS232) auf D-Sub-Stecker, 9-polig – RJ45-Ethernet-Anschluss 10/100 MBit – Compact-Flash-Typ I oder II, Einschub mit Auswurfmechanik – Diagnose-LED: 1 x Power, 1 x LAN-Link, 1 x LAN-Geschwindigkeit, 1 x LAN-Aktivität, 1 x Flash-Zugriff – Schutzart: IP 20 – Betriebs-/Lagertemperatur: 0 °C … +55 °C/-25 °C … +85 °C – Gewicht: ca. 355 g – Abmessungen (B x H x T): 57 x 100 x 91 mm | E83: Modular DIN rail Industrial PC – 266 MHz x86 Pentium® MMX-compatible CPU – Flash memory: 128 MB Compact Flash card (exchangeable, expandable) – 32 MB RAM (extendable to 128 MB) – COM1 (RS232) on 9-pin female D-sub connector – RJ45 Ethernet connector 10/100 Mbit – Compact Flash storage slot type I or II with ejector – Diagnostics LED: 1 x power, 1 LAN link, 1 x LAN speed, 1 x LAN activity, 1 x flash access – protection class IP 20 – operating/storage temperature 0 °C ... +55 °C/-25 °C ... +85 °C – weight approx. 335 g – dimensions (W x H x D) 57 x 100 x 91 mm | F83: --- | J83: =COUNTIF(System_configuration!B:B,A83) -> 0
A84: CX1010-0000 | B84: --- | C84: --- | D84: CPU-Modul CX1010, 256 MByte RAM, kein Betriebssystem, kein TwinCAT | E84: Basic CPU module CX1010, 256 Mbyte RAM, no operating system, no TwinCAT | F84: 58 | J84: =COUNTIF(System_configuration!B:B,A84) -> 0
A85: CX1010-0010 | B85: --- | C85: --- | D85: CPU-Modul CX1010, 256 MByte RAM, Microsoft Windows Embedded CE 6.0, kein TwinCAT | E85: Basic CPU module CX1010, 256 Mbyte RAM, Microsoft Windows Embedded CE 6.0, no TwinCAT | F85: 58 | J85: =COUNTIF(System_configuration!B:B,A85) -> 0
A86: CX1010-0011 | B86: --- | C86: --- | D86: CPU-Modul CX1010, 256 MByte RAM, Microsoft Windows Embedded CE 6.0, TwinCAT-2-PLC-Runtime | E86: Basic CPU module CX1010, 256 Mbyte RAM, Microsoft Windows Embedded CE 6.0, TwinCAT 2 PLC run-time | F86: 58 | J86: =COUNTIF(System_configuration!B:B,A86) -> 0
A87: CX1010-0012 | B87: --- | C87: --- | D87: CPU-Modul CX1010, 256 MByte RAM, Microsoft Windows Embedded CE 6.0, TwinCAT-2-PLC-Runtime, TwinCAT-2-NC-Runtime | E87: Basic CPU module CX1010, 256 Mbyte RAM, Microsoft Windows Embedded CE 6.0, TwinCAT 2 PLC run-time, TwinCAT 2 NC run-time | F87: 58 | J87: =COUNTIF(System_configuration!B:B,A87) -> 0
A88: CX1010-0020 | B88: --- | C88: --- | D88: CPU-Modul CX1010, 256 MByte RAM, Microsoft Windows Embedded Standard 2009, kein TwinCAT | E88: Basic CPU module CX1010, 256 Mbyte RAM, Microsoft Windows Embedded Standard 2009, no TwinCAT | F88: 58 | J88: =COUNTIF(System_configuration!B:B,A88) -> 0
A89: CX1010-0021 | B89: --- | C89: --- | D89: CPU-Modul CX1010, 256 MByte RAM, Microsoft Windows Embedded Standard 2009, TwinCAT-2-PLC-Runtime | E89: Basic CPU module CX1010, 256 Mbyte RAM, Microsoft Windows Embedded Standard 2009, TwinCAT 2 PLC run-time | F89: 58 | J89: =COUNTIF(System_configuration!B:B,A89) -> 0
A90: CX1010-0022 | B90: --- | C90: --- | D90: CPU-Modul CX1010, 256 MByte RAM, Microsoft Windows Embedded Standard 2009, TwinCAT-2-PLC-Runtime, TwinCAT-2-NC-Runtime | E90: Basic CPU module CX1010, 256 Mbyte RAM, Microsoft Windows Embedded Standard 2009, TwinCAT 2 PLC run-time, TwinCAT 2 NC run-time | F90: 58 | J90: =COUNTIF(System_configuration!B:B,A90) -> 0
A91: CX1010-0100 | B91: --- | C91: --- | D91: CPU-Modul CX1010, 256 MByte RAM, DVI/USB, kein Betriebssystem, kein TwinCAT | E91: Basic CPU module CX1010, 256 Mbyte RAM, DVI/USB, no operating system, no TwinCAT | F91: 58 | J91: =COUNTIF(System_configuration!B:B,A91) -> 0
A92: CX1010-0110 | B92: --- | C92: --- | D92: CPU-Modul CX1010, 256 MByte RAM, DVI/USB, Microsoft Windows Embedded CE 6.0, kein TwinCAT | E92: Basic CPU module CX1010, 256 Mbyte RAM, DVI/USB, Microsoft Windows Embedded CE 6.0, no TwinCAT | F92: 58 | J92: =COUNTIF(System_configuration!B:B,A92) -> 0
A93: CX1010-0111 | B93: --- | C93: --- | D93: CPU-Modul CX1010, 256 MByte RAM, DVI/USB, Microsoft Windows Embedded CE 6.0, TwinCAT-2-PLC-Runtime | E93: Basic CPU module CX1010, 256 Mbyte RAM, DVI/USB, Microsoft Windows Embedded CE 6.0, TwinCAT 2 PLC run-time | F93: 58 | J93: =COUNTIF(System_configuration!B:B,A93) -> 0
A94: CX1010-0112 | B94: --- | C94: --- | D94: CPU-Modul CX1010, 256 MByte RAM, DVI/USB, Microsoft Windows Embedded CE 6.0, TwinCAT-2-PLC-Runtime, TwinCAT-2-NC-Runtime | E94: Basic CPU module CX1010, 256 Mbyte RAM, DVI/USB, Microsoft Windows Embedded CE 6.0, TwinCAT 2 PLC run-time, TwinCAT 2 NC run-time | F94: 58 | J94: =COUNTIF(System_configuration!B:B,A94) -> 0
A95: CX1010-0120 | B95: --- | C95: --- | D95: CPU-Modul CX1010, 256 MByte RAM, DVI/USB, Microsoft Windows Embedded Standard 2009, kein TwinCAT | E95: Basic CPU module CX1010, 256 Mbyte RAM, DVI/USB, Microsoft Windows Embedded Standard 2009, no TwinCAT | F95: 58 | J95: =COUNTIF(System_configuration!B:B,A95) -> 0
... A155: CX1100-0001 | B155: --- | C155: --- | D155: Netzteil für Grundmodul CX1000, CX1010 und CX1020 – 24 V DC (-15 %/+20 %) – 8 kByte NOVRAM – FSTN-Display: 2 Zeilen x 16 Zeichen Text, beleuchtet, Navi-Switch 4+1 – Schutzart: IP 20 – Betriebs-/Lagertemperatur: 0 °C … +55 °C/-25 °C … +85 °C – Gewicht: ca. 180 g – Abmessungen (B x H x T): 45 x 100 x 91 mm | E155: Power supply unit for CX1000, CX1010 and CX1020 – 24 V DC (-15 %/+20 %) – 8 kbyte NOVRAM – FSTN display 2 lines x 16 characters of text, lighted, Navi switch 4+1 – protection class IP 20 – operating/storage temperature 0 °C ... +55 °C/-25 °C ... +85 °C – weight approx. 180 g – dimensions (W x H x D) 45 x 100 x 91 mm | F155: 45 | J155: =COUNTIF(System_configuration!B:B,A155) -> 0
A156: CX1100-0002 | B156: --- | C156: 1750 | D156: Netzteil für Grundmodul CX1000, CX1010 und CX1020 K-Bus-fähig – 24 V DC (-15 %/+20 %) – integrierter K-Bus-Controller – K-Bus-Stromversorgung bis max. 1,75 A – 8 kByte NOVRAM – 2-kByte-DPRAM-I/O-Speicher für K-Bus-Nutzinformation – FSTN-Display: 2 Zeilen x 16 Zeichen Text, beleuchtet, Navi-Switch 4+1 – Schutzart: IP 20 – Betriebs-/Lagertemperatur: 0 °C … +55 °C/-25 °C … +85 °C – Gewicht: ca. 250 g – Abmessungen (B x H x T): 40 x 100 x 91 mm | E156: Power supply unit for CX1000, CX1010 and CX1020 core with K-bus capability – 24 V DC (-15 %/+20 %) – integrated K-bus controller – K-bus power supply up to max. 1.75 A – 8 kbyte NOVRAM – 2 kbyte DPRAM I/O memory for K-bus process data – FSTN display 2 lines x 16 characters of text, lighted, Navi switch 4+1 – protection class IP 20 – operating/storage temperature 0 °C ... +55 °C/-25 °C ... +85 °C – weight approx. 250 g – dimensions (W x H x D) 40 x 100 x 91 mm | F156: 40 | G156: -T- | H156: -T- | I156: -T- | J156: =COUNTIF(System_configuration!B:B,A156) -> 0
A157: CX1100-0003 | B157: --- | C157: 1750 | D157: Netzteil für Grundmodul CX1000, CX1010 und CX1020, K-Bus- und IP-Link-fähig – 24 V DC (-15 %/+20 %) – integrierter K-Bus-Controller und IP-Link-Controller – 8 kByte NOVRAM – 4-kByte-I/O-Speicher für Nutzinformation (zusammen mit K-Bus-Nutzinformation) – FSTN-Display: 2 Zeilen x 16 Zeichen Text, beleuchtet, Navi-Switch 4+1 Eigenschaften Beckhoff-IP-Link-Master-Interfacemodul (1-Kanal): – verbindet bis zu 64 I/O-Stationen der Beckhoff-IP-67-Feldbus-Module, Typ IExxxx – basierend auf Lichtwellenleiter – 2 MBaud Kommunikationsgeschwindigkeit – Schutzart: IP 20 – Betriebs-/Lagertemperatur: 0 °C … +55 °C/-25 °C … +85 °C – Gewicht: ca. 350 g – Abmessungen (B x H x T): 58 x 100 x 91 mm | E157: Power supply unit for CX1000, CX1010 and CX1020, core with K-bus capability and IP-Link capability – 24 V DC (-15 %/+20 %) – integrated K-bus controller and IP-Link controller – 8 kbyte NOVRAM – 4 kbyte I/O memory for process data (shared with K-bus process data) – FSTN display 2 lines x 16 characters of text, lighted, Navi switch 4+1 Beckhoff IP-Link master interface module (1-channel): – connects up to 64 I/O stations of Beckhoff IP 67 Fieldbus Box modules type IExxxx – optical fibre based bus – 2 Mbaud communication speed – protection class IP 20 – operating/storage temperature 0 °C ... +55 °C/-25 °C ... +85 °C – weight approx. 350 g – dimensions (W x H x D) 58 x 100 x 91 mm | F157: 58 | G157: -T- | H157: -T- | I157: -T- | J157: =COUNTIF(System_configuration!B:B,A157) -> 0
A158: CX1100-0004 | B158: 2000 | C158: --- | D158: Netzteil für Grundmodul CX1010 und CX1020, E-Bus-fähig – 24 V DC (-15 %/+20 %) – E-Bus-Anschluss (Adapterklemme) – E-Bus-Stromversorgung bis 2 A – 8 kByte NOVRAM – FSTN-Display: 2 Zeilen x 16 Zeichen Text, beleuchtet, Navi-Switch 4+1 – Diagnose-LED: 1 x PWR, 1 x L/A, 1 x RUN – Schutzart: IP 20 – Betriebs-/Lagertemperatur: 0 °C … +55 °C/-25 °C … +85 °C – Gewicht: ca. 250 g – Abmessungen (B x H x T): 40 mm x 100 mm x 91 mm | E158: Power supply unit for CX1010 and CX1020, core with E-bus capability – power supply 24 V DC (-15%/+20%) – E-bus connection (adapter terminal) – E-bus power supply up to 2 A – 8 kbyte NOVRAM – FSTN display 2 lines x 16 characters of text, lighted, Navi switch 4+1 – diagnostics LED: 1 x PWR, 1 x L/A, 1 x RUN – protection class IP 20 – operating/storage temperature 0 °C ... +55 °C/-25 °C ... +85 °C – weight approx. 205 g – dimensions (W x H x D) 39 x 100 x 91 mm | F158: 40 | G158: -T- | H158: -T- | I158: -T- | J158: =COUNTIF(System_configuration!B:B,A158) -> 0
A159: CX1100-0012 | B159: --- | C159: 1750 | D159: Netzteil für Grundmodul CX1030, K-Bus-fähig – passive Kühlung durch integrierten Alu-Kühlkörper – 24 V DC (-15 %/+20 %) – integrierter K-Bus-Controller – K-Bus-Stromversorgung bis max. 1,75 A – 8 kByte NOVRAM – 2-kByte-DPRAM-I/O-Speicher für K-Bus-Nutzinformation – FSTN-Display: 2 Zeilen x 16 Zeichen Text, beleuchtet, Navi-Switch 4+1 – Schutzart: IP 20 – Betriebs-/Lagertemperatur: 0 °C … +55 °C/-25 °C … +85 °C – Gewicht: ca. 240 g – Abmessungen (B x H x T): 42 x 109 x 92 mm | E159: Power supply unit for CX1030 core with K-bus capability – 24 V DC (-15 %/+20 %) – integrated K-bus controller – K-bus power supply up to max. 1.75 A – 8 kbyte NOVRAM – 2 kbyte DPRAM I/O memory for K-bus process data – FSTN display 2 lines x 16 characters of text, lighted, Navi switch 4+1 – protection class IP 20 – operating/storage temperature 0 °C ... +55 °C/-25 °C ... +85 °C – weight approx. 240 g – dimensions (W x H x D) 42 x 109 x 92 mm | F159: 42 | G159: -T- | H159: -T- | I159: -T- | J159: =COUNTIF(System_configuration!B:B,A159) -> 0
A160: CX1100-0013 | B160: --- | C160: 2000 | D160: Netzteil für Grundmodul CX1030, K-Bus- und IP-Link-fähig – passive Kühlung durch integrierten Alu-Kühlkörper – 24 V DC (-15 %/+20 %) – integrierter K-Bus-Controller und IP-Link-Controller – 8 kByte NOVRAM – 4-kByte-I/O-Speicher für Nutzinformation (zusammen mit K-Bus-Nutzinformation) – FSTN-Display: 2 Zeilen x 16 Zeichen Text, beleuchtet, Navi-Switch 4+1 Eigenschaften Beckhoff-IP-Link-Master-Interfacemodul (1-Kanal): – verbindet bis zu 64 I/O-Stationen der Beckhoff-IP-67-Feldbus-Module, Typ IExxxx – basierend auf Lichtwellenleiter – 2 MBaud Kommunikationsgeschwindigkeit – Schutzart: IP 20 – Betriebs-/Lagertemperatur: 0 °C … +55 °C/-25 °C … +85 °C – Gewicht: ca. 325 g – Abmessungen (B x H x T): 58 x 109 x 92 mm | E160: Power supply unit for CX1030, core with K-bus capability and IP-Link capability – 24 V DC (-15 %/+20 %) – integrated K-bus controller and IP-Link controller – 8 kbyte NOVRAM – 4 kbyte I/O memory for process data (shared with K-bus process data) – FSTN display 2 lines x 16 characters of text, lighted, Navi switch 4+1 Beckhoff IP-Link master interface module (1-channel): – connects up to 64 I/O stations of Beckhoff IP 67 Fieldbus Box modules type IExxxx – optical fibre based bus – 2 Mbaud communication speed – protection class IP 20 – operating/storage temperature 0 °C ... +55 °C/-25 °C ... +85 °C – weight approx. 325 g – dimensions (W x H x D) 58 x 109 x 92 mm | F160: 58 | G160: -T- | H160: -T- | I160: -T- | J160: =COUNTIF(System_configuration!B:B,A160) -> 0
A161: CX1100-0014 | B161: 2000 | C161: --- | D161: Netzteil für Grundmodul CX1030, E-Bus-fähig – passive Kühlung durch integrierten Alu-Kühlkörper – 24 V DC (-15 %/+20 %) – E-Bus-Anschluss (Adapterklemme) – E-Bus-Stromversorgung bis max. 1,75 A – 8 kByte NOVRAM – FSTN-Display: 2 Zeilen x 16 Zeichen Text, beleuchtet, Navi-Switch 4+1 – Diagnose-LED: 1 x PWR, 1 x L/A, 1 x RUN – Schutzart: IP 20 – Betriebs-/Lagertemperatur: 0 °C … +55 °C/-25 °C … +85 °C – Gewicht: ca. 235 g – Abmessungen (B x H x T): 42 mm x 109 mm x 92 mm | E161: Power supply unit for CX1030, core with E-bus capability – power supply 24 V DC (-15 %/+20 %) – E-bus connection (adapter terminal) – E-bus power supply up to max. 1.75 A – 8 kbyte NOVRAM – FSTN display 2 lines x 16 characters of text, lighted, Navi switch 4+1 – diagnostics LED: 1 x PWR, 1 x L/A, 1 x RUN – protection class IP 20 – operating/storage temperature 0 °C ... +55 °C/-25 °C ... +85 °C – weight approx. 235 g – dimensions (W x H x D) 42 x 109 x 92 mm | F161: 42 | G161: -T- | H161: -T- | I161: -T- | J161: =COUNTIF(System_configuration!B:B,A161) -> 0
A162: CX1100-0900 | B162: --- | C162: --- | D162: USV-Modul zur unterbrechungsfreien Stromversorgung der CX-Steuerung – geeignet für CX1000 und CX1010 – Ladung: 20 As – max. Ausgangsstrom 550 mA bei 24 V DC – einfache Nachrüstung im Feld durch Anreihung an vorhandene CX1000- und CX1010-Steuerung möglich – wartungsfrei dank moderner kapazitiver Technologie (Supercaps) – einstellbare Haltezeit (lastabhängig) über Drehwahlschalter – LED-Statusanzeige für 24-V-DC-Input, 24-V-DC-Output, CHARGE – USV-Status abfragbar über TwinCAT oder DPRAM-Schnittstelle – Schutzart: IP 20 – Betriebs-/Lagertemperatur: 0 °C … +55 °C/-25 °C … +85 °C – Gewicht: ca. 346 g – Abmessungen (B x H x T): 57 x 100 x 91 mm | E162: UPS module for uninterruptible power supply of the CX controller – suitable for CX1000 and CX1010 – electric charge: 20 As – output current max. 550 mA (24 V DC) – simple retrofitting in the field by adding to existing CX1000 and CX1010 controller is possible – maintenance-free due to advanced capacitive technology (Supercaps) – bridging time adjustable via rotary selection switch (load-dependent) – LED status indicator for 24 V IN OK, 24 V OUT OK, CHARGE – UPS status can be queried via TwinCAT or DPRAM interface – protection class IP 20 – operating/storage temperature 0 °C ... +55 °C/-25 °C ... +85 °C – weight approx. 346 g – dimensions (W x H x D) 57 x 100 x 91 mm | F162: 57 | J162: =COUNTIF(System_configuration!B:B,A162) -> 0
A163: CX1100-0910 | B163: --- | C163: --- | D163: USV-Modul zur unterbrechungsfreien Stromversorgung der CX-Steuerung – geeignet für CX1000 und CX1010 – Ladung: 20 As – max. Ausgangsstrom 1100 mA bei 24 V DC – einfache Nachrüstung im Feld durch Anreihung an vorhandene CX-Steuerung möglich – wartungsfrei dank moderner kapazitiver Technologie (Supercaps) – einstellbare Haltezeit (lastabhängig) über Drehwahlschalter – LED-Statusanzeige für 24-V-DC-Input, 24-V-DC-Output, CHARGE – USV-Status abfragbar über TwinCAT oder DPRAM-Schnittstelle – Schutzart: IP 20 – Betriebs-/Lagertemperatur: 0 °C … +55 °C/-25 °C … +85 °C – Gewicht: ca. 465 g – Abmessungen (B x H x T): 76 x 100 x 91 mm | E163: UPS module for uninterruptible power supply of the CX controller – suitable for CX1000 and CX1010 – electric charge: 20 As – output current max. 1100 mA (24 V DC) – simple retrofitting in the field by adding to existing CX controller is possible – maintenance-free due to advanced capacitive technology (Supercaps) – bridging time adjustable via rotary selection switch (load-dependent) – LED status indicator for 24 V IN OK, 24 V OUT OK, CHARGE – UPS status can be queried via TwinCAT or DPRAM interface – protection class IP 20 – operating/storage temperature 0 °C ... +55 °C/-25 °C ... +85 °C – weight approx. 465 g – dimensions (W x H x D) 76 x 100 x 91 mm | F163: 76 | J163: =COUNTIF(System_configuration!B:B,A163) -> 0
A164: CX1100-0920 | B164: --- | C164: --- | D164: USV-Modul zur unterbrechungsfreien Stromversorgung der CX-Steuerung – geeignet für CX1000, CX1010 und CX1020 (nicht CX1030) – Ladung: 40 As – max. Ausgangsstrom 1100 mA bei 24 V DC – einfache Nachrüstung im Feld durch Anreihung an vorhandene CX-Steuerung möglich – wartungsfrei dank moderner kapazitiver Technologie (Supercaps) – einstellbare Haltezeit (lastabhängig) über Drehwahlschalter – LED-Statusanzeige für 24-V-DC-Input, 24-V-DC-Output, CHARGE – USV-Status abfragbar über TwinCAT oder DPRAM-Schnittstelle – Schutzart: IP 20 – Betriebs-/Lagertemperatur: 0 °C … +55 °C/-25 °C … +85 °C – Gewicht: ca. 617 g – Abmessungen (B x H x T): 95 x 100 x 91 mm | E164: UPS module for uninterruptible power supply of the CX controller – suitable for CX1000, CX1010 and CX1020 (not CX1030) – electric charge: 40 As – output current max. 1100 mA (24 V DC) – simple retrofitting in the field by adding to existing CX controller is possible – maintenance-free due to advanced capacitive technology (Supercaps) – bridging time adjustable via rotary selection switch (load-dependent) – LED status indicator for 24 V IN OK, 24 V OUT OK, CHARGE – UPS status can be queried via TwinCAT or DPRAM interface – protection class IP 20 – operating/storage temperature 0 °C ... +55 °C/-25 °C ... +85 °C – weight approx. 617 g – dimensions (W x H x D) 95 x 100 x 91 mm | F164: 95 | J164: =COUNTIF(System_configuration!B:B,A164) -> 0
A165: CX1100-0930 | B165: --- | C165: --- | D165: USV-Modul zur unterbrechungsfreien Stromversorgung der CX-Steuerung – geeignet für CX1000, CX1010, CX1020 und CX1030 – Ladung: 40 As – max. Ausgangsstrom 2000 mA bei 24 V DC – einfache Nachrüstung im Feld durch Anreihung an vorhandene CX-Steuerung möglich – wartungsfrei, dank moderner kapazitiver Technologie (Supercaps) – einstellbare Haltezeit (lastabhängig) über Drehwahlschalter – LED-Statusanzeige für 24-V-DC-Input, 24-V-DC-Output, CHARGE – USV-Status abfragbar über TwinCAT oder DPRAM-Schnittstelle – Schutzart: IP 20 – Betriebs-/Lagertemperatur: 0 °C … +55 °C/-25 °C … +85 °C – Gewicht: ca. 650 g – Abmessungen (B x H x T): 95 x 100 x 91 mm | E165: UPS module for uninterruptible power supply of the CX controller – suitable for CX1000, CX1010, CX1020 and CX1030 – electric charge: 40 As – output current max. 2000 mA (24 V DC) – simple retrofitting in the field by adding to existing CX controller is possible – maintenance-free due to advanced capacitive technology (Supercaps) – bridging time adjustable via rotary selection switch (load-dependent) – LED status indicator for 24 V IN OK, 24 V OUT OK, CHARGE – UPS status can be queried via TwinCAT or DPRAM interface – protection class IP 20 – operating/storage temperature 0 °C ... +55 °C/-25 °C ... +85 °C – weight approx. 650 g – dimensions (W x H x D) 95 x 100 x 91 mm | F165: 95 | J165: =COUNTIF(System_configuration!B:B,A165) -> 0
A166: CX1500-B200 | B166: --- | C166: --- | D166: Lightbus-Slave-Interfacemodul ISA-Adresse: EA000 – Anzahl der Feldbuskanäle: 1 – Anschlusstyp: 2 x Lichtwellenleiter-Stecker – Baudrate: 2,5 MBaud, 32-Bit-Nutzinformation in 25 µs – max. Prozessabbild: 512 Bytes In/512 Bytes Out – 2 kByte interner DPRAM-Speicher für Prozessabbild – Schnittstelle zum CX-CPU-Modul durch 16-Bit-ISA-Bus und 2 kBytes DPRAM – Anzahl der Busteilnehmer: max. 255 Slaves – Beschriftungssystem: rastbare Beschriftungsfahnen (weiß), Format 5 x 15 mm – Schutzart: IP 20 – Betriebs-/Lagertemperatur: 0 °C … +55 °C/-25 °C … +85 °C – Gewicht: ca. 190 g – Abmessungen (B x H x T): 38 x 100 x 91 mm | E166: Lightbus slave interface module ISA address: EA000 – number of fieldbus channels: 1 – connector type: 2 x fibre optic connectors – communication speed: 2.5 Mbaud, 32 bit data information in 25 µs – max. process image: 512 bytes In/512 bytes Out – 2 kbyte internal DPRAM memory for process image – interface to the CX through 16 bit ISA bus with 2 kbyte DPRAM – bus nodes per channel: max. 255 slaves – labelling system: snap-in white-coloured labels 5 x 15 mm – protection class IP 20 – operating/storage temperature 0 °C ... +55 °C/-25 °C ... +85 °C – weight approx. 190 g – dimensions (W x H x D) 38 x 100 x 91 mm | F166: 38 | J166: =COUNTIF(System_configuration!B:B,A166) -> 0
A167: CX1500-B310 | B167: --- | C167: --- | D167: PROFIBUS-Slave-Interfacemodul ISA-Adresse: E4000 – Anzahl der Feldbuskanäle: 1 – Anschlusstyp: D-Sub-Buchse, 9-polig – PROFIBUS-DP, DP-V1, DP-V2 (MC) – Baudrate: 9,6 kBaud - 12 MBaud – max. Prozessabbild: 244 Bytes In/244 Bytes Out – 2 kByte interner DPRAM-Speicher für Prozessabbild – Schnittstelle zum CX-CPU-Modul durch 16-Bit-ISA-Bus und 2 kBytes DPRAM – Anzahl der Busteilnehmer: max. 125 Slaves – Beschriftungssystem: rastbare Beschriftungsfahnen (weiß), Format 5 x 15 mm – Schutzart: IP 20 – Betriebs-/Lagertemperatur: 0 °C … +55 °C/-25 °C … +85 °C – Gewicht: ca. 190 g – Abmessungen (B x H x T): 38 x 100 x 91 mm | E167: PROFIBUS slave interface module ISA address: E4000 – number of fieldbus channels: 1 – connector type: 9-pin D-sub, female – PROFIBUS DP, DP-V1, DP-V2 (MC) – communication speed: 9.6 kbaud...12 Mbaud – max. process image: 244 bytes In/244 bytes Out – 2 kbyte internal DPRAM memory for process image – interface to the CX through 16 bit ISA bus with 2 kbyte DPRAM – bus nodes per channel: max. 125 slaves – labelling system: snap-in white-coloured labels 5 x 15 mm – protection class IP 20 – operating/storage temperature 0 °C ... +55 °C/-25 °C ... +85 °C – weight approx. 190 g – dimensions (W x H x D) 38 x 100 x 91 mm | F167: 38 | J167: =COUNTIF(System_configuration!B:B,A167) -> 0
A168: CX1500-B510 | B168: --- | C168: --- | D168: CANopen-Slave-Interfacemodul ISA-Adresse: E6000 – Anzahl der Feldbuskanäle: 1 – Open-Style-Connector, 5-polig – Schnittstelle galvanisch getrennt – Baudrate: 10, 20, 50, 100, 125, 250, 500, 800, 1000 kBaud – max. Prozessabbild: 1536 Bytes für die Summe der Ein-/Ausgänge (max. 192 PDOs) – Schnittstelle zum CX-CPU-Modul durch 16-Bit-ISA-Bus und 2 kBytes DPRAM – Anzahl der Busteilnehmer: max. 127 Slaves – Hardwarediagnose: 4 LEDs – Schutzart: IP 20 – Betriebs-/Lagertemperatur: 0 °C … +55 °C/-25 °C … +85 °C – Gewicht: ca. 190 g – Abmessungen (B x H x T): 38 x 100 x 91 mm | E168: CANopen slave interface module ISA address: E6000 – number of fieldbus channels: 1 – open style connector, 5-pin – electrically isolated interfaces – transmission rate: 10, 20, 50, 100, 125, 250, 500, 800, 1000 kbaud – max. process image: 1536 bytes for the sum of inputs + outputs (max 192 PDOs) – interface to the CX core CPU through 16 bit ISA interface with 2 kbytes DPRAM – bus nodes per channel: max. 127 slaves – hardware diagnostics 4 LEDs – protection class IP 20 – operating/storage temperature 0 °C ... +55 °C/-25 °C ... +85 °C – weight approx. 190 g – dimensions (W x H x D) 38 x 100 x 91 mm | F168: 38 | J168: =COUNTIF(System_configuration!B:B,A168) -> 0
A169: CX1500-B520 | B169: --- | C169: --- | D169: DeviceNet-Slave-Interfacemodul ISA-Adresse: E8000 – Anzahl der Feldbuskanäle: 1 – Open-Style-Connector, 5-polig – Baudrate 125, 250, 500 kBaud – max. Prozessabbild: 255 Bytes In/255 Bytes Out – Schnittstelle zum CX-CPU-Modul durch 16-Bit-ISA-Bus und 2 kBytes DPRAM – Anzahl der Busteilnehmer: max. 63 Slaves – Hardwarediagnose: 2 LEDs – Schutzart: IP 20 – Betriebs-/Lagertemperatur: 0 °C … +55 °C/-25 °C … +85 °C – Gewicht: ca. 190 g – Abmessungen (B x H x T): 38 x 100 x 91 mm | E169: DeviceNet slave interface module ISA address: E8000 – number of fieldbus channels: 1 – open style connector, 5-pin – transmission rate 125, 250, 500 kbaud – max. process image: 255 bytes In/255 bytes Out – interface to the CX core CPU through 16 bit ISA interface with 2 kbytes DPRAM – bus nodes per channel: max. 63 slaves – hardware diagnostics 2 LEDs – protection class IP 20 – operating/storage temperature 0 °C ... +55 °C/-25 °C ... +85 °C – weight approx. 190 g – dimensions (W x H x D) 38 x 100 x 91 mm | F169: 38 | J169: =COUNTIF(System_configuration!B:B,A169) -> 0
A170: CX1500-M200 | B170: --- | C170: --- | D170: Lightbus-Master-Interfacemodul ISA-Adresse: DA000 – Anzahl der Feldbuskanäle: 1 – Anschlusstyp: 2 x Lichtwellenleiter-Stecker – Baudrate: 2,5 MBaud – Schnittstelle zum CX-CPU-Modul durch 16-Bit-ISA-Bus und 2 kBytes DPRAM für 8 Kommunikationskanäle, Daten-, Control- and Statusregister – Kommunikation: 8 prioritätsgesteuerte logische Kommunikationskanäle – Busteilnehmer: max. 255 Busteilnehmer mit max. 65280 I/O-Punkten je Feldbusanschluss – Auslösung von 2 PC-Hardware-Interrupts möglich – Hardwarediagnose: 3 LEDs – Schutzart: IP 20 – Betriebs-/Lagertemperatur: 0 °C … +55 °C/-25 °C … +85 °C – Gewicht: ca. 190 g – Abmessungen (B x H x T): 38 x 100 x 91 mm | E170: Lightbus master interface module ISA address: DA000 – number of fieldbus channels: 1 – connector type: 2 x fibre optic connectors – communication speed: 2.5 Mbaud – interface to the CX core CPU through 16 bit ISA interface with 2 kbytes DPRAM for 8 communication channels, data, control and status register – communication: 8 priority controlled logical communication channels – bus nodes: max. 255 nodes with a max. of 65280 I/O points per fieldbus connection – interrupt initiation of 2 PC hardware interrupts is possible – hardware diagnostics 3 LEDs – protection class IP 20 – operating/storage temperature 0 °C ... +55 °C/-25 °C ... +85 °C – weight approx. 190 g – dimensions (W x H x D) 38 x 100 x 91 mm | F170: 38 | J170: =COUNTIF(System_configuration!B:B,A170) -> 0
...
